vel_cmd_x,vel_cmd_y,vel_cmd_yaw,x_vel_err,y_vel_err,z_vel_err,roll_vel_err,pitch_vel_err,yaw_vel_err,cmd_err,cont_err,terr_freq,failed
1.0,0.0,-0.8,0.09770964270598166,0.05170704360355913,0.22538174460012014,0.32759488002890547,0.5265806525053305,0.07130275544016,0.22071944174970107,9.54,0.0,0
1.0,0.0,-0.8,0.09410568540379705,0.041075113632488794,0.2173668382536906,0.34843476304936216,0.5222025362527069,0.07696515312944502,0.21214595216573118,10.053333333333333,1.0,0
1.0,0.0,-0.8,0.09887775752952052,0.03679105056239753,0.22777796075561246,0.3946116089755211,0.587663021796321,0.07570433928579769,0.21137314737771498,13.786666666666667,2.0,0
1.0,0.0,-0.8,0.11134876704824699,0.04742071025382194,0.2369829594682339,0.4129229053805055,0.5484940906012066,0.09096504259486989,0.24973451989693865,17.6,3.0,0
1.0,0.0,-0.4,0.0838454534985483,0.019077865249718925,0.22274779404028053,0.28866151453477296,0.47688680849096116,0.051270727379975116,0.15419404612824208,8.22,0.0,0
1.0,0.0,-0.4,0.09115438699688068,0.027636933184739206,0.21595884325411732,0.3254819098928016,0.49255944494513537,0.05211557218848317,0.17090689237010348,10.32,1.0,0
1.0,0.0,-0.4,0.08992614165515907,0.033449203667121744,0.23560723316914792,0.3448438284975409,0.4828678156771793,0.054870474741408194,0.17824582006368858,12.893333333333333,2.0,0
1.0,0.0,-0.4,0.09395223332350794,0.03676581584342849,0.23715035664685527,0.3915288702830145,0.5438879533187855,0.06567063918227847,0.19638868834921394,14.913333333333334,3.0,0
1.0,0.0,0.0,0.08126953088094606,0.020600767750740198,0.2209571233309249,0.27634600113198077,0.46618740408025683,0.0390851674678694,0.14095546609955553,8.18,0.0,0
1.0,0.0,0.0,0.10220384062937092,0.024694398159340807,0.22830109249948877,0.3065903914646925,0.49096190216213076,0.04735802077275665,0.17425625956146806,10.906666666666666,1.0,0
1.0,0.0,0.0,0.10169589513947563,0.029103922068413814,0.23690701603635023,0.33822832341454445,0.4926695973569966,0.046659829922153014,0.17745964713004206,11.913333333333334,2.0,0
1.0,0.0,0.0,0.08612069062555346,0.03236973727003283,0.2289531706793489,0.3300286957369535,0.49818360989238086,0.05381451870757061,0.17230494660315637,13.9,3.0,0
1.0,0.0,0.40000000000000013,0.08865582641753834,0.017322953769329467,0.2135881299673489,0.27969056999019415,0.46682489795437354,0.0477568912639291,0.15373567145079667,8.133333333333333,0.0,0
1.0,0.0,0.40000000000000013,0.08394375791079053,0.02768510897109981,0.2136586469626923,0.3387201744790272,0.494747863450884,0.05211238706559449,0.16374125394748473,11.026666666666667,1.0,0
1.0,0.0,0.40000000000000013,0.1114260378308264,0.02947807190835248,0.24526370637749545,0.36665205928273303,0.5487453736008839,0.06763653722883296,0.20854064696801172,15.86,2.0,0
1.0,0.0,0.40000000000000013,0.10613702872186821,0.03540392103682037,0.2212060463286745,0.39752402928666325,0.6091470761568132,0.07082247012329097,0.21236341988197996,16.273333333333333,3.0,0
1.0,0.0,0.8,0.08806934986141678,0.03833438996954749,0.20666857485540815,0.31409502073663803,0.506196694655721,0.06315283631315281,0.18955657614411695,9.573333333333334,0.0,0
1.0,0.0,0.8,0.09138538861795245,0.034032950868396514,0.2169205937965814,0.36208473630100285,0.5163394589908287,0.06359573991793986,0.1890140794042886,10.046666666666667,1.0,0
1.0,0.0,0.8,0.110172318355629,0.04250821152842252,0.22887535098315465,0.35222497151548693,0.5428028223003519,0.08246624963445255,0.23514677951850418,14.58,2.0,0
1.0,0.0,0.8,0.10206948102199385,0.04423490457524993,0.22748797009292948,0.40782372685549767,0.5939736400595002,0.07992493866995581,0.2262293242671993,18.413333333333334,3.0,0
0.75,0.0,-0.8,0.08610975410546604,0.04142347052274371,0.2212061262661497,0.3085705039788612,0.46170449462792096,0.057625244991228494,0.1851584696194387,8.8,0.0,0
0.75,0.0,-0.8,0.086315844443434,0.026378813110195472,0.21809770567243714,0.3250570126819864,0.47928375157567,0.059713922405507366,0.1724085799591368,9.56,1.0,0
0.75,0.0,-0.8,0.088447051045196,0.03157371745163272,0.21994437892281918,0.3412847781236275,0.48206946101280573,0.06774058498193614,0.1877613534787648,13.386666666666667,2.0,0
0.75,0.0,-0.8,0.09179518428554748,0.043094425188272126,0.23653723339565025,0.3928373713679702,0.48820163738247574,0.08572644682055097,0.22061605629437012,17.533333333333335,3.0,0
0.75,0.0,-0.4,0.07350969036568751,0.018551050008920173,0.21095343680062642,0.268296427153467,0.41181930404429923,0.04742658563445453,0.13948732600906244,7.906666666666666,0.0,0
0.75,0.0,-0.4,0.08940603128018951,0.024085326789289627,0.20723265266638255,0.29845499197065484,0.44352891063028366,0.05259650679206947,0.1660878648615491,8.833333333333334,1.0,0
0.75,0.0,-0.4,0.0787747888790213,0.020752970718693756,0.21106266188051043,0.29499232343694276,0.42250776591710654,0.05162344070792553,0.15115120030564028,9.7,2.0,0
0.75,0.0,-0.4,0.08044455556155745,0.03553818039412191,0.22237744515464136,0.3739230655760348,0.4773567663871524,0.06402391377705305,0.18000664973273264,16.786666666666665,3.0,0
0.75,0.0,0.0,0.07498654164461703,0.014203500172796726,0.22579904626282213,0.26023940055940026,0.41803368449238126,0.0347968572262796,0.12398689904369312,7.713333333333333,0.0,0
0.75,0.0,0.0,0.0973198753194853,0.026395453270222104,0.2164344832264317,0.3121813431483643,0.41755019807850957,0.043302787077336494,0.16701811566704391,10.44,1.0,0
0.75,0.0,0.0,0.09904916844222082,0.027193723287004912,0.2258524065059568,0.35763762286613004,0.451405573856345,0.047803617271494826,0.1740465090007203,12.286666666666667,2.0,0
0.75,0.0,0.0,0.08344691367994982,0.03804197468343437,0.23598696522343793,0.35103438637343903,0.4564351652122333,0.05465462861431033,0.17614351697769473,16.0,3.0,0
0.75,0.0,0.40000000000000013,0.07283199593727409,0.01734489251893554,0.2071756771461701,0.2686430587479461,0.4176517267482492,0.04330886340613283,0.13348575186234285,7.6866666666666665,0.0,0
0.75,0.0,0.40000000000000013,0.07157014609196365,0.023538644754906874,0.2165661626329585,0.28926151675581946,0.447864890027264,0.045553981247174524,0.14066277209404454,8.346666666666666,1.0,0
0.75,0.0,0.40000000000000013,0.07837589464361494,0.021553261690342166,0.23211302852151364,0.3116886007917875,0.46149154228816236,0.052003305004950796,0.1519324613389085,11.74,2.0,0
0.75,0.0,0.40000000000000013,0.08280609899607569,0.036877618312222665,0.23387855140188124,0.35169775472986026,0.46891060742248974,0.05891527421542643,0.17859899152372452,17.18,3.0,0
0.75,0.0,0.8,0.07485891579771951,0.03848405481773023,0.21476854345314195,0.28679885953518724,0.46016827873958815,0.05247559087895191,0.1658185614944016,9.833333333333334,0.0,0
0.75,0.0,0.8,0.08256918947204851,0.030576132448519155,0.2215582348469759,0.34320881509032986,0.49331061173957874,0.05909111821836503,0.17223644013893277,10.1,1.0,0
0.75,0.0,0.8,0.08731927147763999,0.03137548542802503,0.21985285957256537,0.3456639366204086,0.48837165731670895,0.064963457179145,0.18365821408481037,12.673333333333334,2.0,0
0.75,0.0,0.8,0.08522389029488076,0.03714081702279495,0.24761176935524523,0.36405059713376253,0.533003902193572,0.07863855453958545,0.2010032618572608,17.293333333333333,3.0,0
0.5,0.0,-0.8,0.0756167514992972,0.02808704774208488,0.21675039020877276,0.2612567034407052,0.4062330201066617,0.05194765232455552,0.15565145156593754,8.28,0.0,0
0.5,0.0,-0.8,0.06993598949791893,0.02361280990242147,0.21601748816949737,0.285155346253668,0.4533997507103018,0.0561808473916242,0.14972964679196543,9.86,1.0,0
0.5,0.0,-0.8,0.08404574396680002,0.024866179508738984,0.2323252677246435,0.3077117501489744,0.4388127502334818,0.06838981130000907,0.17730173477554803,12.393333333333333,2.0,0
0.5,0.0,-0.8,0.09610537299517886,0.0359472372378007,0.23404471556238393,0.35750081151343943,0.49702976312690217,0.07403568258783948,0.20608829282081909,16.0,3.0,0
0.5,0.0,-0.4,0.06441512719875589,0.019744782956778745,0.21639615395795372,0.2512045498213481,0.385090286257595,0.043150747410529045,0.127310657566064,7.8133333333333335,0.0,0
0.5,0.0,-0.4,0.0721046762327062,0.0196706369186404,0.20441242851574912,0.2773643222143352,0.39077242507171583,0.046586464730309675,0.1383617778816563,10.106666666666667,1.0,0
0.5,0.0,-0.4,0.07479758385132883,0.030795339110759337,0.22730880829746308,0.29484776490601633,0.39728328295941034,0.051536830663694105,0.15712975362578205,11.946666666666667,2.0,0
0.5,0.0,-0.4,0.08554133733245135,0.030446924096925582,0.2054620884435356,0.3237899414004251,0.39221765457820407,0.06031996535573403,0.17630822678511027,14.653333333333334,3.0,0
0.5,0.0,0.0,0.07260254416405285,0.013271479923958024,0.2282234297022465,0.23455888173122985,0.38778628719153924,0.030113515554295263,0.11598753964230625,8.466666666666667,0.0,0
0.5,0.0,0.0,0.07890116096816593,0.02076547015846278,0.22238486423492387,0.30487367410549693,0.4174248561696538,0.03667501557468236,0.13634164670131085,11.293333333333333,1.0,0
0.5,0.0,0.0,0.08254086772439352,0.0235828292696725,0.23338399504344426,0.324568220064003,0.37568482498804884,0.049399333279143545,0.15552303027320977,11.293333333333333,2.0,0
0.5,0.0,0.0,0.08962868829027566,0.03189613945896881,0.25040176840361794,0.316816177250911,0.39412882479989036,0.04235564678172214,0.16388047453096619,14.246666666666666,3.0,0
0.5,0.0,0.40000000000000013,0.07137733572404965,0.014210700340623179,0.21128260230300655,0.24466380389040088,0.3926495875975181,0.04073189632187777,0.1263199323865511,8.313333333333333,0.0,0
0.5,0.0,0.40000000000000013,0.07126879089829706,0.02769341611991722,0.19589458606760565,0.30400028943560853,0.4197726696582698,0.05093558941637026,0.1498977964345845,12.34,1.0,0
0.5,0.0,0.40000000000000013,0.08026357114011898,0.03229093711791127,0.2220337300764013,0.3434414725516197,0.40712286716092616,0.05837553865133528,0.1709300469093661,16.04,2.0,0
0.5,0.0,0.40000000000000013,0.0833888101711495,0.029412464149401157,0.2212988211836048,0.3202402436183524,0.4086591104520487,0.053918293622825346,0.16671956794337667,13.633333333333333,3.0,0
0.5,0.0,0.8,0.06630997979322521,0.028606443752309148,0.21053800924506122,0.2566170210763307,0.4085078013157208,0.04863443971928569,0.14355086326481967,9.706666666666667,0.0,0
0.5,0.0,0.8,0.07769454387409407,0.0370895387860181,0.21827926003196038,0.28633214022666204,0.41419385753261245,0.059712164064431965,0.1744962467245442,11.906666666666666,1.0,0
0.5,0.0,0.8,0.07210411898124709,0.0315564890270091,0.21290053556558938,0.30910619597402833,0.4181224836252869,0.05735975893323843,0.16102036694149469,12.406666666666666,2.0,0
0.5,0.0,0.8,0.08024310238365161,0.03616938748847512,0.22238123609239452,0.3515703176242217,0.4647215546383956,0.06930124234362109,0.18571373221574805,19.593333333333334,3.0,0
0.25,0.0,-0.8,0.07470012117904573,0.023588762087588356,0.2239960288959089,0.26186451256584437,0.37671691811361324,0.04998131095951627,0.14827019422615037,8.64,0.0,0
0.25,0.0,-0.8,0.06287812224724078,0.04007812605532703,0.21726613829762745,0.3126432445473147,0.3997314495110356,0.05673345493479448,0.15968970323736223,10.96,1.0,0
0.25,0.0,-0.8,0.08305553531786328,0.03350987895133535,0.2425733445759635,0.3597464703262569,0.4256224604779297,0.06299087469823984,0.17955628896743858,13.5,2.0,0
0.25,0.0,-0.8,0.07790406992568105,0.05065588505283215,0.23248035794672123,0.412539847260097,0.46701279704771564,0.08118283785965887,0.20974279283817174,20.293333333333333,3.0,0
0.25,0.0,-0.4,0.06609676202948114,0.013117409958199877,0.21020648985775614,0.25496578545528464,0.35643797042559905,0.04381263647465101,0.12302680846233195,9.34,0.0,0
0.25,0.0,-0.4,0.0605056739854713,0.01994068547349801,0.21125328992586892,0.26900568676769265,0.3719567135427759,0.05396142439892375,0.13440778385789276,9.413333333333334,1.0,0
0.25,0.0,-0.4,0.07307846734477978,0.02733074838134925,0.22220149241906195,0.29931525579238033,0.38566179432451436,0.053047696324906565,0.15345691205103518,12.22,2.0,0
0.25,0.0,-0.4,0.08046241165160226,0.028574055909736728,0.1983760588966135,0.3138859908992836,0.41765851247226016,0.05779914831788599,0.16683561587922532,16.566666666666666,3.0,0
0.25,0.0,0.0,0.06910579276009801,0.010979806295108375,0.21596653580640668,0.2371115369843141,0.3568566507284446,0.027612774468943776,0.1076983735241503,9.513333333333334,0.0,0
0.25,0.0,0.0,0.09328405776888275,0.024608702105529776,0.21593781965523878,0.3050265271620252,0.36997251376471274,0.039720960404215216,0.15761372027862766,12.826666666666666,1.0,0
0.25,0.0,0.0,0.07748716875787984,0.02456787409971802,0.23356840456718184,0.325582050588323,0.3673867892828935,0.04340918924002958,0.14546423209762774,11.586666666666666,2.0,0
0.25,0.0,0.0,0.08270918383419822,0.030456742584413787,0.22388949667955188,0.3827472557982893,0.38232951981730356,0.06114695725749875,0.1743128836761107,18.473333333333333,3.0,0
0.25,0.0,0.40000000000000013,0.061750899548685415,0.0118366034748519,0.20031521071535452,0.22310742010478396,0.36413363037044705,0.03209868217679503,0.10568618520033206,8.52,0.0,0
0.25,0.0,0.40000000000000013,0.06349206872762507,0.023951525843708497,0.21131082580534202,0.26469709760743476,0.3981822943887275,0.041727089314068606,0.1291706838854025,8.946666666666667,1.0,0
0.25,0.0,0.40000000000000013,0.08808378812502093,0.024100046804369054,0.2248534411456917,0.3355389956365507,0.41138958285949706,0.04203912333543868,0.15422295826482807,11.52,2.0,0
0.25,0.0,0.40000000000000013,0.06862875611352275,0.026868329991849092,0.22678003025517882,0.3066009619259369,0.3887880972956532,0.04793745611909195,0.1434345422244635,15.353333333333333,3.0,0
0.25,0.0,0.8,0.06440537807024917,0.022701471336193987,0.19700371712215514,0.24066253948691835,0.3768650939219125,0.048022478380524806,0.13512932778696773,10.933333333333334,0.0,0
0.25,0.0,0.8,0.07020032437059631,0.023995007253124888,0.2057209926891467,0.277592414098567,0.3799586177017434,0.04944316345476838,0.14363849507848944,12.073333333333334,1.0,0
0.25,0.0,0.8,0.10945557241441514,0.043720210247444255,0.21305966056439338,0.3342343120890598,0.4484746036554453,0.06770810563174154,0.22088388829360148,18.126666666666665,2.0,0
0.25,0.0,0.8,0.07358495035796951,0.03544512567792304,0.23006395364449578,0.30483080106048877,0.3946990259751344,0.06129748101334223,0.17032755704923433,17.846666666666668,3.0,0
0.0,0.0,-0.8,0.06356491908599632,0.01146955096373877,0.2178816331355352,0.2500279772332628,0.4025268093808171,0.05726888976094002,0.13230335981067523,8.88,0.0,0
0.0,0.0,-0.8,0.06302743979675675,0.02057681174962262,0.21227845042414806,0.2709701476399288,0.39121186327331575,0.07061095177576364,0.1542152033221432,11.233333333333333,1.0,0
0.0,0.0,-0.8,0.06531411547091459,0.020112669323681633,0.21437157274104157,0.259669952441941,0.3879121571002527,0.06646755924543897,0.15189434404003527,11.633333333333333,2.0,0
0.0,0.0,-0.8,0.07125082510745118,0.025950847576468223,0.21617565640767356,0.28204159038263,0.4005299163344054,0.07435544242639647,0.17155711511031546,14.48,3.0,0
0.0,0.0,-0.4,0.06204061909537596,0.009689023935197867,0.21085361436223418,0.23529853395887126,0.35620379556556064,0.0538054807539332,0.12553512378450693,8.513333333333334,0.0,0
0.0,0.0,-0.4,0.054188944056752106,0.015753995379650478,0.1931800399771041,0.2704213790866993,0.3482093860235291,0.0489684043404351,0.1189113437768377,10.766666666666667,1.0,0
0.0,0.0,-0.4,0.05957825144807742,0.019478053050352766,0.20925383209790077,0.2659976423475077,0.3516023115593856,0.05464771409356798,0.13370401859199846,10.36,2.0,0
0.0,0.0,-0.4,0.05630674348733317,0.029748017952367225,0.20663696461562703,0.3327332576415794,0.35872110079553843,0.0597844147975582,0.1458391762372588,16.333333333333332,3.0,0
0.0,0.0,0.0,0.07043054749152129,0.008938037111628288,0.202079320705001,0.23401181600944593,0.3417159523347425,0.02751154322215889,0.10688012782530854,10.72,0.0,0
0.0,0.0,0.0,0.05218039840823717,0.02733513837935411,0.20943349781390427,0.27547832819112744,0.3731314156305809,0.034236258485454564,0.11375179527304594,12.16,1.0,0
0.0,0.0,0.0,0.05028513057436256,0.024282315888564346,0.20460099647962243,0.2611871381057245,0.35096027603257146,0.03157616868153408,0.10614361514446084,12.14,2.0,0
0.0,0.0,0.0,0.06000292362640497,0.027482112148979464,0.2115531768572175,0.3153236632353941,0.36271936438962515,0.04270511748247013,0.13019015325785407,15.06,3.0,0
0.0,0.0,0.40000000000000013,0.06399321947184428,0.009384778293756392,0.1904152317899855,0.2312574280686977,0.37385961725045586,0.03420737973974319,0.10758537750534428,9.14,0.0,0
0.0,0.0,0.40000000000000013,0.06856956313906061,0.018951652536399563,0.1966570906013629,0.25349960688223516,0.40961727570529793,0.04003739469676194,0.12755861037222263,9.953333333333333,1.0,0
0.0,0.0,0.40000000000000013,0.06795526447600476,0.024787655919345192,0.20086589359607498,0.27974571647160457,0.39767596727047955,0.03911359936471278,0.13185651976006282,10.666666666666666,2.0,0
0.0,0.0,0.40000000000000013,0.07792241552475722,0.025797835015862487,0.20639157844222167,0.301700109525573,0.4183594334169311,0.04510438583002178,0.14882463637064147,16.56,3.0,0
0.0,0.0,0.8,0.07103490772660816,0.011922703409635001,0.20502505329523726,0.2542913192747915,0.39248558991329696,0.0466640573615525,0.12962166849779566,9.166666666666666,0.0,0
0.0,0.0,0.8,0.07638537464593781,0.01957379499020975,0.20343244774391367,0.26991306285012434,0.39393006486272386,0.05273775879936614,0.1486969284355135,10.713333333333333,1.0,0
0.0,0.0,0.8,0.07144342548064557,0.02123550900978189,0.21103675207831515,0.28880735559757464,0.3913960196044899,0.05512196333629262,0.14780089782672023,11.746666666666666,2.0,0
0.0,0.0,0.8,0.06850246530416157,0.025632445938039962,0.22093849502957558,0.34920688011490836,0.38710594834259526,0.06346036852339566,0.1575952797655969,18.2,3.0,0
1.0,0.0,-0.8,0.0952304532398304,0.045438851765621104,0.22772725446823733,0.3166360124867937,0.524265071049692,0.07239158448464375,0.2130608894900949,9.86,0.0,0
1.0,0.0,-0.8,0.09535832753432588,0.04085598741452226,0.21505377806087156,0.34500425268555385,0.5162048421584955,0.07477917510522955,0.21099349005407822,10.546666666666667,1.0,0
1.0,0.0,-0.8,0.09324938614078433,0.036323312523032975,0.2478167651343724,0.3871385129674149,0.5698345224233636,0.08518624841783203,0.21475894708164997,15.526666666666667,2.0,0
1.0,0.0,-0.8,0.12208898844918363,0.052293234800651275,0.24851574951702587,0.42300363112626505,0.5469053364123536,0.08030972209770848,0.2546919453475441,16.373333333333335,3.0,0
1.0,0.0,-0.4,0.079725762499106,0.02241299628343688,0.2226938503905158,0.29554488821610203,0.47390577878531187,0.05011333059195607,0.15225208937449894,7.866666666666666,0.0,0
1.0,0.0,-0.4,0.09113361302951267,0.02575031028997168,0.2184634495209123,0.3122161491416485,0.4766749458481225,0.05335969249596514,0.17024361581544972,9.453333333333333,1.0,0
1.0,0.0,-0.4,0.08448052725609549,0.03211006946958121,0.24296513095063177,0.3475384625139422,0.4823617754296882,0.05277516413174392,0.16936576085742094,11.606666666666667,2.0,0
1.0,0.0,-0.4,0.09550363139627956,0.03670212890406666,0.2314503867673201,0.37736004088482455,0.5295724149888276,0.06669763702005176,0.1989033973203986,14.366666666666667,3.0,0
1.0,0.0,0.0,0.07869260680159824,0.015443101259096521,0.22177480674979924,0.27743100659593506,0.4617719976111322,0.03805438736437114,0.13219009542506605,7.9,0.0,0
1.0,0.0,0.0,0.10188177965168016,0.024965047524551042,0.23025064634429424,0.30389652067711437,0.501015765237308,0.046243908242870245,0.17309073541910203,10.88,1.0,0
1.0,0.0,0.0,0.09920624856666937,0.026522303715352517,0.22684105430500073,0.3432072959340464,0.4878911516336549,0.043492668446448925,0.16922122072847096,11.8,2.0,0
1.0,0.0,0.0,0.09238382163498803,0.03366657032408072,0.23641806336899646,0.33684243201726183,0.4853415972471882,0.060080512417106456,0.1861309043761754,15.213333333333333,3.0,0
1.0,0.0,0.40000000000000013,0.08555656976303441,0.020777101399453,0.21478249719582224,0.2824424116417467,0.4722092373574577,0.047802670835027886,0.15413634199751539,8.306666666666667,0.0,0
1.0,0.0,0.40000000000000013,0.0836807582741433,0.0273612155525966,0.22343939683497058,0.33580728378376834,0.49570320152623604,0.053250143631222796,0.16429211745796282,10.74,1.0,0
1.0,0.0,0.40000000000000013,0.10167771674871767,0.03840997219122613,0.25463900045564775,0.38148579640344615,0.5270413027019285,0.06583455576490632,0.20592224470484935,14.853333333333333,2.0,0
1.0,0.0,0.40000000000000013,0.10641860945003516,0.03838908803414876,0.21130535859241006,0.39185772366325794,0.5799741153130168,0.07577512143380331,0.22058281891798728,17.2,3.0,0
1.0,0.0,0.8,0.0938780045862442,0.04295520340490774,0.21449895809314215,0.30577973118471435,0.502663303531058,0.0604349425047738,0.19726815049592583,10.513333333333334,0.0,0
1.0,0.0,0.8,0.09021573636647684,0.037870434398296134,0.21651905132158905,0.3577783196109134,0.5169179260551637,0.06404131155575611,0.19212748232052934,10.046666666666667,1.0,0
1.0,0.0,0.8,0.09179621283358196,0.04270314804448237,0.23111167178665074,0.3641819963516906,0.5388589310556813,0.07680750925725792,0.21130687013532226,14.78,2.0,0
1.0,0.0,0.8,0.1180224475020365,0.058834996201094,0.237322923842752,0.4393034054622614,0.5983810374339145,0.08629005037693582,0.26314749408006516,17.326666666666668,3.0,0
0.75,0.0,-0.8,0.08920290928045864,0.0387619241114405,0.2189868425430238,0.30341680169030244,0.46357479359968434,0.05980776282741201,0.1877725962193115,8.446666666666667,0.0,0
0.75,0.0,-0.8,0.09007891504851519,0.0301436244638367,0.22038049374773816,0.32495726560870897,0.48122820475919204,0.06237133405692503,0.18259387356927684,9.766666666666667,1.0,0
0.75,0.0,-0.8,0.09113434710263807,0.02689494051216034,0.22563106247892492,0.3358776251120366,0.4814445839358906,0.06851562846123721,0.18654491607603643,12.18,2.0,0
0.75,0.0,-0.8,0.07904849281624919,0.04125271117217045,0.2423846767962684,0.3717176483194273,0.4843268971403652,0.07957529954958116,0.1998765035380008,15.953333333333333,3.0,0
0.75,0.0,-0.4,0.0735215841999003,0.01877143267378213,0.21168269357230993,0.2727890150846439,0.41570721362692364,0.048300385890242,0.1405934027639249,7.566666666666666,0.0,0
0.75,0.0,-0.4,0.09063532863833969,0.020539999302123507,0.20526914671927884,0.3001740114736341,0.4361368601547089,0.04961232018514587,0.1607876481256092,10.16,1.0,0
0.75,0.0,-0.4,0.07232020235419634,0.021081716324055644,0.20883406847057498,0.2840029075582234,0.42134672178300153,0.0478771020772431,0.14127902075549517,8.82,2.0,0
0.75,0.0,-0.4,0.07926997899711057,0.036029047543505284,0.22372159164234323,0.3702224487231763,0.46659227420488847,0.06496471071180673,0.18026373725242303,16.226666666666667,3.0,0
0.75,0.0,0.0,0.07553618712202102,0.019067771078510688,0.2263641471766522,0.2556867937963557,0.41283869264714096,0.03463924688682829,0.12924320508736,8.066666666666666,0.0,0
0.75,0.0,0.0,0.09593042283247323,0.024247086868130225,0.2166719142870189,0.3095538077093154,0.42215482323252984,0.03990340779441955,0.160080917495023,11.1,1.0,0
0.75,0.0,0.0,0.10142036649285399,0.026459664747719134,0.23262045900595932,0.3402322177646991,0.4424826166892953,0.04335177704506681,0.17123180828563994,12.22,2.0,0
0.75,0.0,0.0,0.077157681488992,0.036959833061576214,0.23413535719235665,0.3299057596597671,0.45740058573880316,0.051825411424043864,0.1659429259746117,14.513333333333334,3.0,0
0.75,0.0,0.40000000000000013,0.07241359350588025,0.0159692188974425,0.20708842400671532,0.2747267442702638,0.4195094412695159,0.04417914295492874,0.13256195535825133,7.7,0.0,0
0.75,0.0,0.40000000000000013,0.07072499189872304,0.02378695194314728,0.21884547075709282,0.2866329383146867,0.4285058777233709,0.044347581198372746,0.1388595250402436,8.726666666666667,1.0,0
0.75,0.0,0.40000000000000013,0.07967001930935641,0.020916349854844002,0.2299715746524225,0.3066002836706742,0.46501112525147015,0.05414874920158655,0.1547351183657869,11.48,2.0,0
0.75,0.0,0.40000000000000013,0.0747667821327163,0.029863458096473984,0.23660793406562705,0.3320896744852803,0.44771751676128435,0.05698114334073242,0.1616113835699224,17.433333333333334,3.0,0
0.75,0.0,0.8,0.07547904082881478,0.037729234338174746,0.21273072588060338,0.29016437933334166,0.4543288470820245,0.05193219768642497,0.16514047285341427,9.633333333333333,0.0,0
0.75,0.0,0.8,0.08166515587938132,0.03351283762433556,0.21799371876416077,0.3435790443584341,0.49856091372789435,0.06010459807109178,0.17528259157480813,11.086666666666666,1.0,0
0.75,0.0,0.8,0.08651922107880357,0.030508901940588782,0.2239619045950187,0.34948948443097083,0.49080088768686375,0.06931031450433774,0.18633843752373014,15.48,2.0,0
0.75,0.0,0.8,0.0853715782248905,0.03523510799240188,0.2390535040719811,0.37493153466905005,0.527240190915465,0.07886080130508932,0.19946748752238172,16.486666666666668,3.0,0
0.5,0.0,-0.8,0.0810016390151849,0.02765880218581185,0.21990730150047555,0.27202061320100923,0.41532738143694137,0.052589991864623674,0.1612504330656208,8.433333333333334,0.0,0
0.5,0.0,-0.8,0.07075015092455558,0.02181443960445936,0.21704758287465414,0.27205659299171003,0.45065788345067564,0.05817218501103252,0.1507367755400471,10.7,1.0,0
0.5,0.0,-0.8,0.08956256769135844,0.02716977102924888,0.2340829033057442,0.3175454330556696,0.4368396254901071,0.07187757871838502,0.18860991743899225,12.893333333333333,2.0,0
0.5,0.0,-0.8,0.08165792633193159,0.037757296348536015,0.22610998514473996,0.35675664228762244,0.4738936826770598,0.06864654530068429,0.1880617679811524,15.813333333333333,3.0,0
0.5,0.0,-0.4,0.06746221517346435,0.014224367627690028,0.21735422808176044,0.25554510730508545,0.37578978581528427,0.04498272702418723,0.12666930982534164,7.846666666666667,0.0,0
0.5,0.0,-0.4,0.0734411419607296,0.02408185978162501,0.20337548592658045,0.27322981846239847,0.39318191608573133,0.047149554431871625,0.1446725561742264,10.273333333333333,1.0,0
0.5,0.0,-0.4,0.07495491796801587,0.028395480887034554,0.2247627412841962,0.29954098635605686,0.39321334451922885,0.0540891431667392,0.1574395420217898,11.813333333333333,2.0,0
0.5,0.0,-0.4,0.0773973629915067,0.028827377053424946,0.2156108743555697,0.31872073106283677,0.3788406538021383,0.06166184015831168,0.16788658020324346,15.993333333333334,3.0,0
0.5,0.0,0.0,0.06814571910927171,0.010502382203681037,0.22703733835430762,0.23790704466941312,0.39259130637965,0.03032628994932513,0.10897439126227793,8.513333333333334,0.0,0
0.5,0.0,0.0,0.08752865601680052,0.023883324736551245,0.2251893036480286,0.3125873009830817,0.4390071543711034,0.03826703478405846,0.1496790155374106,11.793333333333333,1.0,0
0.5,0.0,0.0,0.08515696695412542,0.029334038970966,0.23892961584817154,0.3537434628746008,0.39494969004695907,0.05112676141254297,0.1656177673376338,14.146666666666667,2.0,0
0.5,0.0,0.0,0.08705035333102126,0.03710497379007499,0.24379716943454263,0.32502332435516956,0.40034092883230615,0.046210748792050164,0.1703660759131462,15.133333333333333,3.0,0
0.5,0.0,0.40000000000000013,0.06401090265985551,0.016612360372522953,0.20987875066852218,0.2403283373055193,0.3799490374457368,0.04008351272414449,0.12070677575652283,8.113333333333333,0.0,0
0.5,0.0,0.40000000000000013,0.07147937268293195,0.027989638575022922,0.19980788225692148,0.2856209303568908,0.4236334529604506,0.04779658977253602,0.14726560103049124,11.133333333333333,1.0,0
0.5,0.0,0.40000000000000013,0.08059232399535726,0.02604494467247205,0.22488256651788696,0.34169428046680833,0.4176718275924324,0.05418258955076876,0.16081985821859812,14.793333333333333,2.0,0
0.5,0.0,0.40000000000000013,0.0760078080819152,0.02034425262857069,0.22737170386568378,0.2676911050719036,0.3997748926334142,0.049785870705091786,0.14613793141557757,13.393333333333333,3.0,0
0.5,0.0,0.8,0.06621126816214386,0.021901404168630585,0.2077339358846779,0.2547019434237835,0.40692835301127894,0.049324811086805295,0.13743748341758014,9.9,0.0,0
0.5,0.0,0.8,0.07625130570821459,0.03960307842145643,0.21821392194157643,0.2916196836148851,0.40964892971716976,0.05910492536060011,0.17495930949027122,12.34,1.0,0
0.5,0.0,0.8,0.06950907994239479,0.027576024826517574,0.21178256565014603,0.31972990354216746,0.422830837443576,0.05722099571836616,0.15430610048727858,14.546666666666667,2.0,0
0.5,0.0,0.8,0.07593454817885534,0.03694500042895408,0.23087142788806725,0.31922237029230255,0.45116584938200704,0.06178070841689321,0.17466025702470242,15.726666666666667,3.0,0
0.25,0.0,-0.8,0.07480021896182804,0.01662988727564915,0.22280603697044146,0.2485361723061917,0.3850362013206582,0.050097082514240755,0.14152718875171807,8.66,0.0,0
0.25,0.0,-0.8,0.05933770202540313,0.04054870771255565,0.22349609430449557,0.32583568264510976,0.396598219748305,0.05589206351196039,0.15577847324991945,12.06,1.0,0
0.25,0.0,-0.8,0.0862164070487453,0.0348959316173675,0.24421714243067755,0.3539553506330338,0.4149849060005704,0.06205319949622147,0.18316553816233444,12.926666666666666,2.0,0
0.25,0.0,-0.8,0.06846739673147023,0.042310657401898,0.23412235886559424,0.38711980261705187,0.45174782307991856,0.0750780178484039,0.1858560719817716,15.94,3.0,0
0.25,0.0,-0.4,0.05830461780518533,0.0136311919728795,0.2094149957686806,0.2451139468101842,0.3576144725949658,0.04313973485458575,0.11507554463265057,10.133333333333333,0.0,0
0.25,0.0,-0.4,0.0612635280020899,0.02095392610288435,0.2127764509702015,0.272747688672185,0.37764611089475797,0.05271328174560581,0.1349307358505799,8.846666666666666,1.0,0
0.25,0.0,-0.4,0.06807238190300405,0.02601158548783739,0.2294562021925829,0.3033578903211222,0.39427045389534515,0.05598538413142831,0.15006935152226963,13.213333333333333,2.0,0
0.25,0.0,-0.4,0.08497773165629689,0.034742384197891184,0.2133975810847273,0.3599285395324388,0.46977371223626896,0.0659047056370838,0.18562482149127205,18.42,3.0,0
0.25,0.0,0.0,0.0668023135229984,0.008971202513201982,0.21223495438773418,0.22696959435248537,0.35704297931103496,0.02732548432694474,0.10309900036314534,10.386666666666667,0.0,0
0.25,0.0,0.0,0.09279679409847742,0.022353749356497414,0.21495482652652237,0.3139487148167875,0.3790475064640711,0.03842337298115245,0.15357391643612645,13.626666666666667,1.0,0
0.25,0.0,0.0,0.08024271953715445,0.02243017592483888,0.23169564064123863,0.31881352157993553,0.3665834144004003,0.039190838523354025,0.1418637339853476,10.44,2.0,0
0.25,0.0,0.0,0.07784152522643381,0.029150250303462407,0.2155967576985463,0.3637080274579833,0.38877444261714444,0.05331849639520619,0.16031027192510183,17.633333333333333,3.0,0
0.25,0.0,0.40000000000000013,0.06200128780699882,0.008720121801857644,0.20300034526283264,0.2221579704554763,0.36520828557168483,0.03390431609970898,0.10462572570856521,8.386666666666667,0.0,0
0.25,0.0,0.40000000000000013,0.06598955212831953,0.028271510615254174,0.21031631237854717,0.2670561524850675,0.39155921314072134,0.04136252629277062,0.13562358903634425,9.873333333333333,1.0,0
0.25,0.0,0.40000000000000013,0.0954959125184792,0.025115155810048778,0.222760736814472,0.33703072316952243,0.42319330578671616,0.040625941336098585,0.16123700966462642,11.833333333333334,2.0,0
0.25,0.0,0.40000000000000013,0.06747676543257242,0.029716674511662104,0.2206010719259348,0.30270024919935234,0.3795627541121951,0.04902092277115248,0.14621436271538674,13.966666666666667,3.0,0
0.25,0.0,0.8,0.061047800122860485,0.021986087628829015,0.19417378137162913,0.23573465981688813,0.37194822310814246,0.04607947314821603,0.12911336089990555,11.333333333333334,0.0,0
0.25,0.0,0.8,0.07240667034930212,0.027647116984954867,0.204893593110576,0.26219533306741344,0.38575856629563926,0.05381122050377205,0.15386500783802867,11.773333333333333,1.0,0
0.25,0.0,0.8,0.11036824952025814,0.04454788300493269,0.2028710243469052,0.3501800057464229,0.42809296941580516,0.07300837831331518,0.22792451083850626,19.106666666666666,2.0,0
0.25,0.0,0.8,0.08302171569703347,0.03984721186890161,0.23842617543700698,0.31509168674924687,0.4074551163522373,0.06241077086780295,0.18527969843373845,19.926666666666666,3.0,0
0.0,0.0,-0.8,0.07405918470723256,0.01571377811690208,0.22171972059971545,0.25643448419246173,0.3950905069409324,0.058808928310827416,0.14858189113496145,8.926666666666666,0.0,0
0.0,0.0,-0.8,0.06407180595566833,0.017950453343934133,0.21573135987017567,0.25412428761816064,0.3868632982056694,0.0632464033630724,0.14526866266267477,10.3,1.0,0
0.0,0.0,-0.8,0.062486657401637,0.020298355436963386,0.21327966075385266,0.26995132463271315,0.3894564322378637,0.06653449125946952,0.14931950409807013,11.253333333333334,2.0,0
0.0,0.0,-0.8,0.0749239943620954,0.02604752311065547,0.21842424860486354,0.2936530875345453,0.41292725326332214,0.07287194514377195,0.1738434626165228,14.773333333333333,3.0,0
0.0,0.0,-0.4,0.06365128604448972,0.010337083834018039,0.20694469300647264,0.2367834848513563,0.35072695572291035,0.05249213730823983,0.1264805071867476,8.206666666666667,0.0,0
0.0,0.0,-0.4,0.05864878485363152,0.020236130684371748,0.19366295208062556,0.2698441040133275,0.3522564052640804,0.051641540561498715,0.130526456099502,10.813333333333333,1.0,0
0.0,0.0,-0.4,0.05724898199087964,0.017493656697538718,0.2072830028251155,0.2750780561422054,0.3425855091016546,0.055949737704939245,0.1306923763933576,12.126666666666667,2.0,0
0.0,0.0,-0.4,0.054531981118762236,0.030233314185290346,0.2043896528187208,0.33322348066549945,0.3637155760244594,0.059761718078749616,0.14452701338280222,15.626666666666667,3.0,0
0.0,0.0,0.0,0.07693461844583296,0.007981001811269003,0.20320781543269106,0.23747330716562978,0.3385032503314913,0.02790492981639486,0.1128205500734966,10.62,0.0,0
0.0,0.0,0.0,0.053176821801458544,0.02902209082611893,0.20966640047713495,0.2715052541011561,0.3657783254599616,0.03499385791786541,0.11719277054544264,12.36,1.0,0
0.0,0.0,0.0,0.05327222480834096,0.023020290117109612,0.21091374724936773,0.26558669767947507,0.3596791718544001,0.03268358572597927,0.10897610065142994,13.006666666666666,2.0,0
0.0,0.0,0.0,0.06421393429402908,0.029595241258425557,0.2103030325816359,0.3145882039497522,0.36523120239141477,0.04287231517583782,0.1366814907282923,14.933333333333334,3.0,0
0.0,0.0,0.40000000000000013,0.0677404775730044,0.011070779152370768,0.19892410314538397,0.22565933838437707,0.37258619325525155,0.03437894094875303,0.11319019767412833,8.953333333333333,0.0,0
0.0,0.0,0.40000000000000013,0.0668683476117355,0.016602206203814602,0.19847724622320093,0.2510107083383962,0.40362578204779775,0.03782610542810995,0.12129665924365998,10.033333333333333,1.0,0
0.0,0.0,0.40000000000000013,0.07366485051979636,0.03103127419322185,0.19338953779751064,0.2899600152936955,0.4115211147920076,0.03861477590122412,0.14331090061424231,11.753333333333334,2.0,0
0.0,0.0,0.40000000000000013,0.07507270926547815,0.0297835480368136,0.20567113920519303,0.3061330911329891,0.4250056167652542,0.04100533264951737,0.14586158995180967,16.453333333333333,3.0,0
0.0,0.0,0.8,0.06957877161164126,0.016437293434846057,0.2047171107476227,0.253198520491476,0.3876211783364109,0.049010839989037304,0.13502690503552472,9.366666666666667,0.0,0
0.0,0.0,0.8,0.07257416188495971,0.019629622012072055,0.1999404919881316,0.2667832524632642,0.38922570850926247,0.05153598307608188,0.1437397669731133,9.92,1.0,0
0.0,0.0,0.8,0.07724979095346811,0.020861321950199907,0.20881109364231154,0.2910199623090673,0.38150445006073563,0.05714233056321375,0.15525344346688155,10.933333333333334,2.0,0
0.0,0.0,0.8,0.07356739530512191,0.026497060775288475,0.23132215448399993,0.34253729921766657,0.39425080929535283,0.06396237113284704,0.1640268272132571,17.186666666666667,3.0,0
1.0,0.0,-0.8,0.10111333354010317,0.04695543628377965,0.22761621571028343,0.32431843307439784,0.5192373958574305,0.07266784173799419,0.22073661156187677,9.806666666666667,0.0,0
1.0,0.0,-0.8,0.09356490637364671,0.03830920528941246,0.21589979791215597,0.3487461403522779,0.5090498536407365,0.07553048164461607,0.2074045933076753,11.22,1.0,0
1.0,0.0,-0.8,0.09938733410659074,0.038503533442181596,0.23436478812285258,0.3931342648437365,0.5749549225847059,0.0817679197875691,0.2196587873363422,13.953333333333333,2.0,0
1.0,0.0,-0.8,0.11206952160579875,0.05025219005422277,0.26205352994240577,0.43211288223671535,0.5538833542125469,0.10038715768562725,0.2627088693456491,17.973333333333333,3.0,0
1.0,0.0,-0.4,0.08203652546854229,0.024746123140042754,0.22464336730982237,0.2900384029907231,0.470013555765126,0.049965805937453533,0.15674845454603878,8.253333333333334,0.0,0
1.0,0.0,-0.4,0.09126712538215531,0.025602750786903643,0.21848465860865277,0.32559543493102,0.49049888149856713,0.05496143144360978,0.17183130761266896,10.653333333333334,1.0,0
1.0,0.0,-0.4,0.08224930356967441,0.027190310248933435,0.23302416507252285,0.3330729878637591,0.5061092628007934,0.05562624720182714,0.16506586102043533,11.273333333333333,2.0,0
1.0,0.0,-0.4,0.094846059694062,0.035703449417461154,0.23275344629557548,0.3686928806227008,0.5169498367759934,0.07113745449043482,0.20168696360195892,14.826666666666666,3.0,0
1.0,0.0,0.0,0.08631373351570165,0.015080632974024831,0.22028383864036893,0.26774015407703633,0.45841660633759607,0.03806277978170862,0.13945714627143474,8.193333333333333,0.0,0
1.0,0.0,0.0,0.11161357525722546,0.02354542663109583,0.2376542120660099,0.30814548579434836,0.4926395461978833,0.049969701696559975,0.18512870358488134,12.326666666666666,1.0,0
1.0,0.0,0.0,0.08868738015221889,0.02433909601920086,0.23686576387961858,0.3591052412964816,0.4744277529643425,0.04871646972212605,0.16174294589354613,11.82,2.0,0
1.0,0.0,0.0,0.09725166795998794,0.03657953171397339,0.23236681624088737,0.33022896157949205,0.5127512498234447,0.06039721288284173,0.19422841255680348,15.34,3.0,0
1.0,0.0,0.40000000000000013,0.08307698815499566,0.018777894797259394,0.2142376788869504,0.290773788351452,0.4753977359567962,0.04847240840216656,0.1503272913544215,8.573333333333334,0.0,0
1.0,0.0,0.40000000000000013,0.08887231244185134,0.02698617001501006,0.21891660482249903,0.3275122936518463,0.48682458786276495,0.05497967739416099,0.1708381598510222,10.946666666666667,1.0,0
1.0,0.0,0.40000000000000013,0.1126464740964554,0.03386340848498592,0.24629087938632463,0.36710931352038384,0.5520074208084386,0.0662229924616932,0.21273287504313532,15.8,2.0,0
1.0,0.0,0.40000000000000013,0.10059131486719142,0.03597630700920492,0.22371184437713562,0.40094646145373136,0.5985052548738689,0.08519378587003978,0.22176140774643588,17.4,3.0,0
1.0,0.0,0.8,0.08988339317401368,0.04112171529624812,0.21409272942766872,0.31318873376377543,0.507790390508591,0.060522489819715516,0.19152759828997765,9.786666666666667,0.0,0
1.0,0.0,0.8,0.09102669222097462,0.032579373147746574,0.21725431397852163,0.3562024385582113,0.5078193307582541,0.06376631879808296,0.1873723841668041,10.286666666666667,1.0,0
1.0,0.0,0.8,0.10528510598790541,0.04136073323516899,0.23800662794396915,0.36275743148519335,0.5571103326787382,0.0851640204307481,0.23180985965382186,15.36,2.0,0
1.0,0.0,0.8,0.11546343949631854,0.04796884034969662,0.2295594161419318,0.41926191575982313,0.5943688094581007,0.0767163537497654,0.24014863359578015,17.266666666666666,3.0,0
0.75,0.0,-0.8,0.08964167888312741,0.038049311023390875,0.21763024048728258,0.30564160030039295,0.4672500169642721,0.05885098270557438,0.18654197261209285,8.62,0.0,0
0.75,0.0,-0.8,0.08712947697669844,0.02504969493598393,0.2163135356082145,0.32153184848235844,0.4849506003485221,0.0603769346438144,0.1725561065564971,9.406666666666666,1.0,0
0.75,0.0,-0.8,0.08936037152267248,0.029668482702190923,0.22015159001674825,0.33295276887943426,0.47480657717154034,0.06601299747150295,0.18504185169636628,12.526666666666667,2.0,0
0.75,0.0,-0.8,0.09994019328431326,0.03899313645919731,0.23429665304738442,0.3690430053362079,0.5118322899017987,0.09203867985592487,0.23097200959943573,16.126666666666665,3.0,0
0.75,0.0,-0.4,0.07128958737184755,0.019472552966691804,0.21131356245991434,0.2813187086065691,0.41520625293076985,0.04787338697687492,0.13863552731541431,7.826666666666667,0.0,0
0.75,0.0,-0.4,0.09131443311721242,0.019499265564901,0.20292383401176772,0.29397642636468335,0.4364896788748188,0.0520046142173303,0.16281831289944362,9.28,1.0,0
0.75,0.0,-0.4,0.07452435161727733,0.020917748204887267,0.2166412368921357,0.28728118408668274,0.4308984804677738,0.04602266568059698,0.1414647655027618,9.006666666666666,2.0,0
0.75,0.0,-0.4,0.21887891247118837,0.07728486362045885,0.2623147267964236,0.8080182176253028,0.6798933169516727,0.36510779917959096,0.6612715752712386,27.64,3.0,0
0.75,0.0,0.0,0.0775886860980724,0.013496161432737713,0.22641597676694272,0.2581806131280359,0.42090772932981557,0.034944593748729755,0.12602944127953952,8.113333333333333,0.0,0
0.75,0.0,0.0,0.0945993654478174,0.02602999315102507,0.21466512206583477,0.3125176347081164,0.4234522265582618,0.04223806421271714,0.16286742281155958,10.406666666666666,1.0,0
0.75,0.0,0.0,0.09810285765936907,0.027688874141023147,0.22184213694339952,0.3637226468397781,0.4492134461590767,0.043604838635768466,0.16939657043616033,12.46,2.0,0
0.75,0.0,0.0,0.08604895214747883,0.03756837049283871,0.22897677075338232,0.3467585557273437,0.4566859063154368,0.05813938436355527,0.1817567070038732,16.986666666666668,3.0,0
0.75,0.0,0.40000000000000013,0.07242137163230106,0.014287490754740522,0.20787335152064068,0.2662287824992802,0.41534604160576793,0.04501275643155296,0.13172161881859457,8.033333333333333,0.0,0
0.75,0.0,0.40000000000000013,0.0709421279517407,0.025644573574155595,0.2251728876690408,0.2842875371151636,0.4301996954181586,0.045424774405195906,0.14201147593109273,8.52,1.0,0
0.75,0.0,0.40000000000000013,0.07950210196857697,0.022161649421051317,0.22851947535095463,0.3041475782147627,0.4580256462954066,0.05062464950881641,0.15228840089844423,10.973333333333333,2.0,0
0.75,0.0,0.40000000000000013,0.07924862688940021,0.03429797673475053,0.24919342183906754,0.35257699322477754,0.46695439924288895,0.06224287919130274,0.1757894828154532,18.993333333333332,3.0,0
0.75,0.0,0.8,0.07797754993975575,0.03437820256742406,0.21458710216466986,0.2887446181188749,0.4528471654214735,0.05258802655687063,0.16494377906405122,9.94,0.0,0
0.75,0.0,0.8,0.08344536207873336,0.032499878291168266,0.2242377367850665,0.3374277221421701,0.48643195320997,0.05966526488369186,0.17561050525359367,10.413333333333334,1.0,0
0.75,0.0,0.8,0.09111571141112483,0.03209243479772634,0.2221878814394809,0.35845189922370774,0.48639402840933177,0.06310899081347511,0.18631713702232586,13.98,2.0,0
0.75,0.0,0.8,0.07975441178321245,0.040077118661093265,0.24496714095744343,0.3810921459092504,0.5597344928395557,0.0739489070131598,0.19378043745746615,17.433333333333334,3.0,0
0.5,0.0,-0.8,0.07926995815894809,0.025564825825840586,0.22237113721672777,0.2657243480163055,0.39515374609426085,0.05151951533417221,0.15635429931896125,8.44,0.0,0
0.5,0.0,-0.8,0.07505147104054669,0.022599619176632234,0.21678068904929973,0.2810828664238023,0.454488411492246,0.056289708383248975,0.1539407986004277,9.846666666666666,1.0,0
0.5,0.0,-0.8,0.08758768797435601,0.027273547454277087,0.23718550786250656,0.3144058881217362,0.4497128263448004,0.07085302649614911,0.185714261924782,12.646666666666667,2.0,0
0.5,0.0,-0.8,0.08250918188002868,0.04243820353311243,0.2399725473145598,0.36104488778949834,0.46582418429582756,0.06852372906077474,0.19347111447391582,16.253333333333334,3.0,0
0.5,0.0,-0.4,0.06458929306260414,0.01370126406019377,0.21326023674895936,0.2516489643296636,0.3835504376143684,0.0440297145874587,0.12232027171025708,8.046666666666667,0.0,0
0.5,0.0,-0.4,0.07036083244884933,0.01897468330798798,0.19861230655406703,0.2733536285588517,0.39484715424844335,0.044920795750226436,0.13425631150706374,9.526666666666667,1.0,0
0.5,0.0,-0.4,0.07971362858939114,0.02624431423054533,0.22811147466623463,0.29809900630636355,0.39647872902769393,0.05031409372844546,0.15627203654838193,12.04,2.0,0
0.5,0.0,-0.4,0.07684523601703062,0.027583309736054995,0.23322138438160725,0.3334987795745529,0.3744919107381064,0.05903602030180489,0.16346456605489032,15.38,3.0,0
0.5,0.0,0.0,0.07666177688504519,0.013292551692745052,0.22821368555760485,0.2387713941833616,0.39432972591444876,0.030089816423817372,0.12004414500160772,8.546666666666667,0.0,0
0.5,0.0,0.0,0.07937867069154442,0.02103144020736651,0.2237326795566999,0.3076663681553249,0.4273847539852238,0.036626091892598196,0.13703620279150888,11.566666666666666,1.0,0
0.5,0.0,0.0,0.08045542711112137,0.02531602243301527,0.23226152765926822,0.33709923151300525,0.3888240389634152,0.0534853600789235,0.15925680962306019,13.226666666666667,2.0,0
0.5,0.0,0.0,0.09305776006077036,0.029850075870142136,0.2522596737820648,0.31586644085052124,0.4066886615203633,0.044200969299974996,0.16710880523088792,13.966666666666667,3.0,0
0.5,0.0,0.40000000000000013,0.06558882717716079,0.012657400025668154,0.20997565437240637,0.24690424748734566,0.37780873323561553,0.03950933618321482,0.11775556338604412,8.273333333333333,0.0,0
0.5,0.0,0.40000000000000013,0.07344103481451053,0.02668542087458415,0.1935995684479911,0.2993139495182949,0.42393153805354444,0.04857759020761667,0.14870404589671077,11.72,1.0,0
0.5,0.0,0.40000000000000013,0.07975145650474728,0.02818150063813314,0.22289023399690513,0.33853347716255844,0.4171547835358917,0.05175584590720135,0.1596888030500818,14.953333333333333,2.0,0
0.5,0.0,0.40000000000000013,0.07501586663485053,0.024593501405197938,0.22053407440980488,0.2895806628164746,0.4049344302740653,0.05116095455749315,0.1507703225975418,13.006666666666666,3.0,0
0.5,0.0,0.8,0.06323548391459498,0.03058998487594381,0.20568744617979512,0.25633349354367524,0.39424741400293684,0.04905871366466582,0.14288418245520515,9.586666666666666,0.0,0
0.5,0.0,0.8,0.0772510311221616,0.04154882306252219,0.2161546085076042,0.2913303615856188,0.4099479542030189,0.06035529315305702,0.1791551473377405,12.34,1.0,0
0.5,0.0,0.8,0.07121847598739107,0.029005990920047475,0.21712879744356572,0.3118432951383488,0.4256731217750719,0.05433548158132237,0.15455994848876084,13.52,2.0,0
0.5,0.0,0.8,0.07144047359023972,0.04291497937975032,0.22505135567994478,0.31642609527597854,0.430948736966627,0.0728057654467651,0.18716121841675523,16.24,3.0,0
0.25,0.0,-0.8,0.06671439636740288,0.015386207783142845,0.21913023071469565,0.2580898313767869,0.380078092694722,0.05182729748508182,0.1339279016356278,8.74,0.0,0
0.25,0.0,-0.8,0.05657221499587568,0.04226483589145009,0.21365773151689918,0.3074447671031563,0.41408319733687277,0.060819596988406756,0.1596566478757326,11.706666666666667,1.0,0
0.25,0.0,-0.8,0.08973018738144793,0.032263004013404935,0.24765154440771903,0.3623836248385994,0.41673527635563545,0.06675769894866085,0.188750890343514,13.366666666666667,2.0,0
0.25,0.0,-0.8,0.06668487428145736,0.04452751776248898,0.23466763937082444,0.3792052223258415,0.4506235766875921,0.07350090186519181,0.18471329390913857,16.84,3.0,0
0.25,0.0,-0.4,0.05769001818763326,0.010964611816814566,0.21428243395615193,0.2366277776230186,0.3579826450991216,0.045835951266324254,0.11449058127077182,8.86,0.0,0
0.25,0.0,-0.4,0.059963523718879135,0.02129594795637487,0.211518850293629,0.26358872520883314,0.377876687514317,0.05125269521485258,0.1325121668901064,9.02,1.0,0
0.25,0.0,-0.4,0.07069792428071131,0.02873096281288036,0.22072942307582338,0.3001766889027109,0.37905387625941234,0.05032654593571173,0.14975543302930322,11.893333333333333,2.0,0
0.25,0.0,-0.4,0.07921340940389959,0.03573231874230661,0.21309759686913596,0.35762190746313066,0.4784594007291823,0.062245221883987796,0.1771909500301944,19.76,3.0,0
0.25,0.0,0.0,0.07403943069039774,0.010783408715064726,0.2117882378896047,0.2327962149587815,0.3521188197000391,0.02766028119862472,0.11248312060408724,10.386666666666667,0.0,0
0.25,0.0,0.0,0.08777509034889659,0.022960282951644366,0.21341723657772266,0.3035951253514012,0.3657213196370428,0.03899095893416431,0.14972633223470522,11.933333333333334,1.0,0
0.25,0.0,0.0,0.0789739203907269,0.02718825727351588,0.22652060533816393,0.32568696341626824,0.3709716067705134,0.0458708030045891,0.15203298066883164,12.166666666666666,2.0,0
0.25,0.0,0.0,0.08476806854319675,0.034314678214214314,0.21895124996754464,0.3869748297838849,0.39347705737769684,0.057000788239236856,0.17608353499664858,18.7,3.0,0
0.25,0.0,0.40000000000000013,0.062370806396701055,0.009337786045094427,0.20294685245657634,0.2274936830753114,0.3631139601145491,0.0333469822449182,0.10505557468671341,8.26,0.0,0
0.25,0.0,0.40000000000000013,0.05973861524736971,0.025080979723544162,0.2080664285916608,0.26519442714989633,0.3907773726914587,0.04085964541900523,0.12567924038991932,9.386666666666667,1.0,0
0.25,0.0,0.40000000000000013,0.08790570332264751,0.029579847835209144,0.22539316328793618,0.33140725379371316,0.4212937859464268,0.0412681434587001,0.1587536946165573,11.686666666666667,2.0,0
0.25,0.0,0.40000000000000013,0.06966671247837487,0.025732474689384464,0.22011380813588194,0.3042434554968326,0.38477677565253315,0.04762345837863473,0.14302264554639346,15.4,3.0,0
0.25,0.0,0.8,0.06432397816792104,0.016996480436865535,0.1962125564876352,0.2370525926831016,0.3715178666546949,0.04611707041273602,0.12743752901752234,11.206666666666667,0.0,0
0.25,0.0,0.8,0.07063726781389965,0.026559982607704632,0.20690895919081556,0.26832515469349505,0.3813718916141498,0.05292945740798666,0.150126707829591,12.673333333333334,1.0,0
0.25,0.0,0.8,0.10980354998875402,0.04724751858723459,0.20640018609168947,0.34742117474765444,0.4326963713688845,0.06952346634071752,0.22657453491670657,17.533333333333335,2.0,0
0.25,0.0,0.8,0.06635441596222966,0.025530684469977877,0.23019030177156796,0.3057540469530798,0.37150633756299956,0.06317040466464639,0.1550555050968541,18.633333333333333,3.0,0
0.0,0.0,-0.8,0.06787563282287461,0.014011486675762078,0.21915649132517692,0.2596003792334837,0.3972637351974995,0.05870284905520744,0.14058996855384387,8.626666666666667,0.0,0
0.0,0.0,-0.8,0.06646593824495374,0.01994800021235103,0.21578376010512876,0.26780125700310464,0.39692359496420987,0.05998854695596274,0.14640248541326775,10.58,1.0,0
0.0,0.0,-0.8,0.0625421201654749,0.019948378546834403,0.21287849958393945,0.29391286693464724,0.38243402829484185,0.06674203784809817,0.149232536560407,11.973333333333333,2.0,0
0.0,0.0,-0.8,0.07965735963918767,0.025359127740748045,0.21902779564345126,0.29026729497345216,0.39922899248112637,0.07446359471592437,0.1794800820958603,14.953333333333333,3.0,0
0.0,0.0,-0.4,0.06374457369089172,0.01473045327206264,0.21100645129519943,0.23816666682574075,0.3369331266308418,0.05363261745924985,0.13210764442220405,8.466666666666667,0.0,0
0.0,0.0,-0.4,0.05552117976319934,0.015537237710240995,0.19652475181283766,0.27331874305299075,0.35221490084039997,0.04730869915301174,0.11836711662645182,10.233333333333333,1.0,0
0.0,0.0,-0.4,0.05750530796676185,0.018827361361602773,0.2053213735412632,0.26807796763705233,0.3426670735348857,0.05428949534182034,0.13062216467018478,11.16,2.0,0
0.0,0.0,-0.4,0.05295706813311401,0.02950674392675461,0.21180229350912977,0.32208679132021484,0.36205655987209306,0.07045585975480421,0.15291967181467228,16.586666666666666,3.0,0
0.0,0.0,0.0,0.06797436487411655,0.01033107079065325,0.19881153247587183,0.237235638615132,0.33941811071185696,0.02616333051329657,0.10446876617806637,10.633333333333333,0.0,0
0.0,0.0,0.0,0.05180669518913492,0.022771664093277185,0.20758198858554786,0.2566783544595502,0.36745642891607655,0.03507839140154759,0.1096567506839599,11.18,1.0,0
0.0,0.0,0.0,0.05256600212830761,0.021961363458132183,0.207502436246314,0.26757215549324626,0.353204523260337,0.03368374774912706,0.10821111333556696,12.42,2.0,0
0.0,0.0,0.0,0.062547639784015,0.02662619171890005,0.21159690210327906,0.3220655855090946,0.37300927877373136,0.04145239190375024,0.13062622340666546,15.3,3.0,0
0.0,0.0,0.40000000000000013,0.06506059507222021,0.012781957179254096,0.19510140994280087,0.22891849589089008,0.3660681332640719,0.03451984622430232,0.11236239847577681,8.88,0.0,0
0.0,0.0,0.40000000000000013,0.0667806200684493,0.024351910867218992,0.20152876683772014,0.25497118345321185,0.41469578560094644,0.03846773309494592,0.12960026403061398,9.946666666666667,1.0,0
0.0,0.0,0.40000000000000013,0.06966764922453321,0.026450318020684645,0.20245434786512645,0.2841919748634804,0.40486799019029185,0.04220243342137668,0.13832040066659465,11.573333333333334,2.0,0
0.0,0.0,0.40000000000000013,0.08058595594296235,0.02036787632999257,0.21418819557005156,0.3036632007161121,0.4373822016889745,0.04253529416909636,0.14348912644205183,14.806666666666667,3.0,0
0.0,0.0,0.8,0.07345502788356154,0.015055730717711178,0.20565848183956467,0.25409107222633304,0.3864481828921958,0.048891360529163624,0.13740211913043604,9.306666666666667,0.0,0
0.0,0.0,0.8,0.07523329146747643,0.01644637727780059,0.20275701730737297,0.2734528584180825,0.40414015318458907,0.054714581451550254,0.14639425019682753,8.86,1.0,0
0.0,0.0,0.8,0.07160728878930973,0.020419057139053516,0.2095254198736885,0.2935677375310383,0.38130181263451546,0.0551087778876024,0.14713512381596636,10.993333333333334,2.0,0
0.0,0.0,0.8,0.07171029210670354,0.02675412521486548,0.22699873477342086,0.337812571858377,0.4032742427290729,0.06462474783208232,0.16308916515365157,15.966666666666667,3.0,0
1.0,0.0,-0.8,0.09496457595584043,0.045229074338807865,0.22885756669275728,0.3207595025576414,0.5205300126169169,0.07095772094678468,0.21115137124143343,9.56,0.0,0
1.0,0.0,-0.8,0.09536831668365904,0.037794653772207136,0.21779331345540628,0.3514134265932081,0.5099509657275859,0.08020611848625088,0.21336908894211767,10.493333333333334,1.0,0
1.0,0.0,-0.8,0.10115389454938695,0.03540213580252501,0.22505688771467125,0.3805113005870506,0.5867878938749754,0.07688963655942406,0.21344566691133507,13.946666666666667,2.0,0
1.0,0.0,-0.8,0.10548623584548027,0.048289574662618635,0.2453881630887412,0.4132783559737441,0.5442196084410639,0.08857795677385086,0.2423537672819493,16.38,3.0,0
1.0,0.0,-0.4,0.08175382286311342,0.022032665931252873,0.2256752168662492,0.29175748375636434,0.48175805966990876,0.05164598508539915,0.15543247387976566,8.026666666666667,0.0,0
1.0,0.0,-0.4,0.09221201184123919,0.02521290109097941,0.2222748893688471,0.3194455952726703,0.49392275409506653,0.05453452362336331,0.17195943655558227,11.233333333333333,1.0,0
1.0,0.0,-0.4,0.08902310988047199,0.030014909579841653,0.2408361369440658,0.3421056176691784,0.4767319360872345,0.0534099588406565,0.1724479783009705,12.86,2.0,0
1.0,0.0,-0.4,0.09724104214673339,0.035423265638194916,0.23122953576597519,0.36042904817731514,0.5274765403804997,0.06686772631764921,0.19953203410257678,14.586666666666666,3.0,0
1.0,0.0,0.0,0.08458358673764182,0.01553122485339146,0.22255950132635244,0.26673102443952873,0.4532550977152077,0.039507836065701844,0.1396226476567351,8.24,0.0,0
1.0,0.0,0.0,0.10819980654359165,0.0237124180161276,0.2336006854277918,0.309023395680546,0.5025831485426878,0.050889558769477705,0.18280178332919692,11.746666666666666,1.0,0
1.0,0.0,0.0,0.10187691867206321,0.026230918462161374,0.23200048274586238,0.3552839735072003,0.4799956318744708,0.04797245770724268,0.17608029484146712,12.146666666666667,2.0,0
1.0,0.0,0.0,0.08864958474362555,0.030849973315059766,0.23478348964646434,0.3371683244422907,0.4806148975929758,0.05512473411260196,0.17462429217128744,14.806666666666667,3.0,0
1.0,0.0,0.40000000000000013,0.08217854237570632,0.01972144474471806,0.2154792936851744,0.2870020189248909,0.4772450302886271,0.04825018447307674,0.15015017159350091,8.346666666666666,0.0,0
1.0,0.0,0.40000000000000013,0.08439245681068441,0.024104902414608106,0.21739726605675616,0.32155471761941723,0.4933834068570567,0.05497557520170608,0.1634729344269983,10.146666666666667,1.0,0
1.0,0.0,0.40000000000000013,0.11025686254356573,0.03278142733417574,0.237319529982972,0.3818162554797803,0.5292008326103188,0.0732899833070909,0.21632827318483164,15.353333333333333,2.0,0
1.0,0.0,0.40000000000000013,0.10637588680943656,0.033056623027537396,0.22693696705382288,0.3652170221502342,0.6242159483795439,0.07037712528507595,0.2098096351220505,16.56,3.0,0
1.0,0.0,0.8,0.08815717609782045,0.04315582428640144,0.2040238272260487,0.32045614512626774,0.5007963777091388,0.06329155928588304,0.1946045596701049,9.446666666666667,0.0,0
1.0,0.0,0.8,0.09008279816479028,0.03191552987663225,0.21491395006411454,0.35301610912339654,0.5069410975349352,0.068108421749248,0.19010674979067146,11.073333333333334,1.0,0
1.0,0.0,0.8,0.10077130930070168,0.04455800112141337,0.23284102950346147,0.3452998756419952,0.5362418729364825,0.07233223017984008,0.2176615406019546,14.02,2.0,0
1.0,0.0,0.8,0.10965576756998445,0.05984692813813688,0.22727666450872633,0.42826393653292694,0.5821849060581737,0.08716193883429363,0.25666463454241534,17.973333333333333,3.0,0
0.75,0.0,-0.8,0.08434850520514252,0.03895915166786067,0.21738258575037578,0.3019089919202963,0.47082802133002016,0.05905407693656864,0.1823617338095715,8.613333333333333,0.0,0
0.75,0.0,-0.8,0.08955553761937496,0.026213859645847225,0.21653318701881782,0.32196070191662185,0.4808200020016379,0.05891649710297194,0.1746858943681936,9.24,1.0,0
0.75,0.0,-0.8,0.0892231553341477,0.028826575651144118,0.22406424223162363,0.3440481939179884,0.48350450043336163,0.0669774275841928,0.18502715856948396,12.586666666666666,2.0,0
0.75,0.0,-0.8,0.09792245135400314,0.042834497733702466,0.2408072081590472,0.3752781081930779,0.49356121433088146,0.08280484159054895,0.22356179067825385,16.713333333333335,3.0,0
0.75,0.0,-0.4,0.0723747644005158,0.016888489308983866,0.21061481382140956,0.27060533874632714,0.41646652519740335,0.04632355676810195,0.13558681047760146,7.78,0.0,0
0.75,0.0,-0.4,0.09133741381288774,0.020765701618444304,0.20177084800010023,0.2954230543603497,0.4390587035337873,0.051903028531583885,0.16400614396291519,9.3,1.0,0
0.75,0.0,-0.4,0.07342848671753269,0.01959669428705158,0.2029668871887122,0.2811008536888755,0.4217793710588042,0.0500486798896663,0.14307386089425048,9.76,2.0,0
0.75,0.0,-0.4,0.07900194956614923,0.03254330711091255,0.2342592905702116,0.36688115171136815,0.46494392232137305,0.07641559277049294,0.1879608494475539,13.953333333333333,3.0,0
0.75,0.0,0.0,0.07651766483760247,0.013019330145869234,0.22536044048837495,0.26098703831664904,0.4148029235087551,0.03322175661677688,0.12275875160024877,7.84,0.0,0
0.75,0.0,0.0,0.09172775645776046,0.02620165240996279,0.21598830351879023,0.30654581536320064,0.4205916018206551,0.04206899972223339,0.1599984085899573,10.02,1.0,0
0.75,0.0,0.0,0.09908949819581137,0.028272804735104275,0.2254515840549635,0.35266837495209585,0.4433634699657631,0.04398272216824074,0.17134502509915625,12.92,2.0,0
0.75,0.0,0.0,0.08507989847412666,0.03230907740160477,0.24605439319533004,0.324402976125953,0.4506251124144124,0.053046453948127924,0.17043542982385892,16.64666666666667,3.0,0
0.75,0.0,0.40000000000000013,0.07053457558860868,0.016406409653035848,0.20447174903838977,0.26840734440833147,0.41531887122520766,0.04516098690479223,0.13210197214643687,7.533333333333333,0.0,0
0.75,0.0,0.40000000000000013,0.06943384780507024,0.027036188162461276,0.21915774374618407,0.2930347105394709,0.43545883484605985,0.04487221108637706,0.1413422470539088,10.046666666666667,1.0,0
0.75,0.0,0.40000000000000013,0.08147324192047363,0.02389458889357645,0.22968846095639864,0.3181065550333172,0.458314155215023,0.05268258057857814,0.1580504113926287,12.593333333333334,2.0,0
0.75,0.0,0.40000000000000013,0.07221634288842767,0.029599207901636428,0.23827271951218665,0.33730836033293254,0.4425793404464999,0.06045051673929825,0.16226606752936232,16.36,3.0,0
0.75,0.0,0.8,0.07706543421734494,0.037650098472850106,0.21254992295176203,0.28455770280364245,0.4450071652309814,0.0540115049025979,0.16872703759279276,9.686666666666667,0.0,0
0.75,0.0,0.8,0.080773220837124,0.032587443053523,0.22037610095375362,0.34908241956660235,0.49843550484657617,0.062119023140762814,0.17547968703140976,10.4,1.0,0
0.75,0.0,0.8,0.08809110006059208,0.03148635233023324,0.2215990377483617,0.3450573906015778,0.48839439355959213,0.06142499602936683,0.18100244842019228,13.586666666666666,2.0,0
0.75,0.0,0.8,0.10839142153612782,0.04324302448447721,0.24703840403411884,0.3910620949572576,0.564694392225689,0.0869973710231628,0.2386318170437678,20.02,3.0,0
0.5,0.0,-0.8,0.08111043725990832,0.025268583310154538,0.21823070238292863,0.2690439077591659,0.40839316100468714,0.05048210181803303,0.15686112238809588,8.38,0.0,0
0.5,0.0,-0.8,0.07333868847201017,0.024188377225065092,0.21887077387996126,0.27479540581436823,0.45016219586779227,0.054923856618400275,0.15245092231547505,9.593333333333334,1.0,0
0.5,0.0,-0.8,0.0930288478495024,0.024950931163676058,0.2249609468934642,0.3177108275765232,0.4463403180934095,0.06709559508948745,0.18507537410266575,13.253333333333334,2.0,0
0.5,0.0,-0.8,0.09284392665363937,0.03659085504832116,0.24653509701206175,0.3589791786943641,0.48624680896798395,0.0737339706181871,0.20316875232014697,15.633333333333333,3.0,0
0.5,0.0,-0.4,0.0648844267227627,0.01690924587660595,0.21395179857832597,0.25456399383456874,0.3871382364545449,0.04541200087595959,0.1272056734753288,8.106666666666667,0.0,0
0.5,0.0,-0.4,0.07354953050994324,0.022331614126557937,0.20289067091234816,0.2704736248355014,0.39757501313175597,0.04841645828721066,0.1442976029237117,9.566666666666666,1.0,0
0.5,0.0,-0.4,0.07974315774007246,0.02305459985752304,0.2269124253914555,0.2974926915481976,0.3949258492131211,0.05204062689285685,0.15483838449045267,12.033333333333333,2.0,0
0.5,0.0,-0.4,0.07931628293333011,0.026239802097357198,0.21970521122142306,0.31717171676529754,0.38422989551697895,0.05705694283476463,0.16261302786545165,14.946666666666667,3.0,0
0.5,0.0,0.0,0.07680543005756722,0.011967766764245897,0.22902018083459974,0.2377381131395813,0.39618656086363696,0.030636588742284792,0.11940978556409755,8.406666666666666,0.0,0
0.5,0.0,0.0,0.08499667066789449,0.02363067599431946,0.22660296244605066,0.30674961947719864,0.43756789853523975,0.03810882046121266,0.14673616712342688,12.02,1.0,0
0.5,0.0,0.0,0.08161903949801666,0.023701257417565024,0.235764494127537,0.3223201478610646,0.3758579281772556,0.04953345390913813,0.15485375082472033,12.346666666666666,2.0,0
0.5,0.0,0.0,0.087675244239673,0.03342412903407083,0.24727933510992503,0.32679967650184527,0.39675790673993533,0.047192673897643006,0.1682920471713869,14.386666666666667,3.0,0
0.5,0.0,0.40000000000000013,0.07049923318574106,0.014393932308089746,0.21196490473700022,0.25116944021667775,0.3880850110855545,0.03994950971930543,0.12484267521313597,8.506666666666666,0.0,0
0.5,0.0,0.40000000000000013,0.07187163492743344,0.027557406822057432,0.19421512356249,0.3015060350319282,0.43283118014376093,0.048587441341276856,0.14801648309076715,12.9,1.0,0
0.5,0.0,0.40000000000000013,0.07588828071319585,0.02981102059030567,0.22746568851594942,0.3235892648974099,0.4154343825742453,0.05741141253496005,0.1631107138384617,15.526666666666667,2.0,0
0.5,0.0,0.40000000000000013,0.07408706750741549,0.0232225194851672,0.22123733887513342,0.28823724058594363,0.39302404512291994,0.0534573857029292,0.1507669726955117,15.633333333333333,3.0,0
0.5,0.0,0.8,0.06603327726655835,0.03289259794679803,0.21082515245985306,0.25987609183135685,0.40925533554222426,0.04864433929685239,0.14757021451020852,9.566666666666666,0.0,0
0.5,0.0,0.8,0.07555367302264868,0.03819509320003212,0.21970815668788604,0.28924475748864314,0.41206013377052664,0.06122216217586832,0.1749709283985492,12.293333333333333,1.0,0
0.5,0.0,0.8,0.07035127459786554,0.02826119107433964,0.2165514709152141,0.3149718796173653,0.4226775932658927,0.054052865966758366,0.15266533163896392,14.233333333333333,2.0,0
0.5,0.0,0.8,0.07536441620726694,0.03288332483613561,0.2193181479821135,0.33351060471598687,0.42080928350380475,0.06981632946917896,0.1780640705125816,15.92,3.0,0
0.25,0.0,-0.8,0.0694121434954213,0.0181451312679042,0.2200280832737879,0.2607777770726268,0.37825120338619067,0.05082616683263866,0.13838344159596375,8.88,0.0,0
0.25,0.0,-0.8,0.060163349462928215,0.04047251735568588,0.22197112728831908,0.3283682124325517,0.3852171914378917,0.05293571230447323,0.15357157912308778,11.98,1.0,0
0.25,0.0,-0.8,0.09074934757878465,0.030964450053784873,0.24426300916952043,0.34024840277700036,0.4214918895543977,0.06188398428735054,0.18359778191992102,12.966666666666667,2.0,0
0.25,0.0,-0.8,0.06745004419332022,0.040321288883763406,0.2256743594931237,0.3629090420351225,0.4246422481347407,0.07494107536433191,0.1827124084414156,16.46,3.0,0
0.25,0.0,-0.4,0.06547243914617559,0.015324455049455912,0.21419544186026968,0.24567288351198757,0.3576986371212858,0.04439375438765168,0.12519064858328313,9.246666666666666,0.0,0
0.25,0.0,-0.4,0.06025023600771413,0.020376702915435443,0.2152569661280314,0.2696917816366463,0.37095261272543867,0.054004391013732916,0.13463132993688176,9.126666666666667,1.0,0
0.25,0.0,-0.4,0.06864033294096594,0.029417330974543746,0.22935541407628174,0.29458808550575316,0.39230824695024835,0.05374141693091894,0.15179908084642868,13.166666666666666,2.0,0
0.25,0.0,-0.4,0.08309346596169312,0.031896941566076704,0.21618902704796855,0.35596144934215007,0.4478121903505288,0.06178043714620281,0.17677084467397255,17.726666666666667,3.0,0
0.25,0.0,0.0,0.07458046777406296,0.008734478888146102,0.2137931036467645,0.22713905436026288,0.3529938166013182,0.028470975912473453,0.1117859225746825,9.64,0.0,0
0.25,0.0,0.0,0.08798661744823898,0.021967297853581848,0.21711516600912126,0.3060089713177271,0.37117573124326425,0.03791559142073891,0.14786950672255916,13.066666666666666,1.0,0
0.25,0.0,0.0,0.07621611747314531,0.02420653400481851,0.23312883323681066,0.31466078713874807,0.360055406098679,0.04469692734018453,0.14511957881814827,11.493333333333334,2.0,0
0.25,0.0,0.0,0.07794007302732507,0.035063642677711095,0.22789544353043517,0.38164249230127145,0.4089710313905166,0.05864141674283255,0.17164513244786847,18.366666666666667,3.0,0
0.25,0.0,0.40000000000000013,0.06267072392065139,0.011031087828286826,0.20287666033759333,0.22344895258146538,0.36238332848765287,0.03248989125155453,0.10619170300049303,8.593333333333334,0.0,0
0.25,0.0,0.40000000000000013,0.059790330685850525,0.020551199995339043,0.2067558153416075,0.26579900382112376,0.39049884904680154,0.04018264944784867,0.12052418012903804,9.346666666666666,1.0,0
0.25,0.0,0.40000000000000013,0.08479124271599141,0.027640871012007344,0.22786464043652038,0.33385731174149774,0.42358595181893,0.04294010697845948,0.15537222070645793,11.82,2.0,0
0.25,0.0,0.40000000000000013,0.0668932022907866,0.024238163017879094,0.22229362152155402,0.31292413061584273,0.3806246703248958,0.04898864323001934,0.1401200085386849,14.173333333333334,3.0,0
0.25,0.0,0.8,0.06536520078958992,0.01801850320900809,0.19804124220467922,0.2340177147035721,0.36952402915661614,0.04743870760187123,0.13082241160046906,11.12,0.0,0
0.25,0.0,0.8,0.07102673609989486,0.027872930036431178,0.20866350014668003,0.266299317417843,0.38634263060741164,0.05234902825814123,0.15124869439446711,12.566666666666666,1.0,0
0.25,0.0,0.8,0.11088214115137632,0.04467944011246497,0.2114719774762703,0.34472181366533605,0.4374331278773612,0.06642106764592713,0.22198264890976852,16.886666666666667,2.0,0
0.25,0.0,0.8,0.0674686112584035,0.034060092467751886,0.23239862571169861,0.29996000622628405,0.3918286084578233,0.06636090559465221,0.16788960932080715,19.813333333333333,3.0,0
0.0,0.0,-0.8,0.07132400764843623,0.012781571020497795,0.21990854953728997,0.2595371916399898,0.40310221386506906,0.060219421728162956,0.14432500039709673,8.713333333333333,0.0,0
0.0,0.0,-0.8,0.062190424417169196,0.01864297432163854,0.21607049461678463,0.26632085595719396,0.3945555461440132,0.06148814111393865,0.1423215398527461,10.46,1.0,0
0.0,0.0,-0.8,0.06440531316215534,0.01973597902417221,0.21482715272749345,0.2681655026518604,0.38653897103708423,0.06424745219284463,0.14838874437917207,11.833333333333334,2.0,0
0.0,0.0,-0.8,0.07711598095821748,0.026485312820552342,0.21591721050001256,0.2903935529802377,0.4066296178775727,0.07265481482255888,0.17625610860132887,14.633333333333333,3.0,0
0.0,0.0,-0.4,0.06608857110036295,0.012833217385861581,0.21246776090345096,0.2387759165872849,0.3503010358902579,0.05303883748966503,0.13196062597588998,8.273333333333333,0.0,0
0.0,0.0,-0.4,0.05196059231568656,0.015698156858242565,0.1910579578764873,0.27387655273868683,0.35017213782507783,0.046502170421909565,0.11416091959583845,9.913333333333334,1.0,0
0.0,0.0,-0.4,0.05735023802193048,0.0201440850962074,0.19897078653199118,0.26837008273992197,0.343786749825715,0.0490861699891166,0.12658049310725472,11.106666666666667,2.0,0
0.0,0.0,-0.4,0.05159882004747778,0.028267371202341563,0.20578585983036807,0.3158519905643086,0.3550234200799814,0.06284995796973296,0.1427161492195519,16.12,3.0,0
0.0,0.0,0.0,0.07020373499659932,0.011070211856299743,0.20017064489625044,0.2353320235177033,0.34643980988099976,0.027080307704080365,0.10835425455697947,10.66,0.0,0
0.0,0.0,0.0,0.053666774731731426,0.025924537199260335,0.20655193803270247,0.261841480301633,0.36625050282275073,0.033791022379707415,0.11338233431069906,11.333333333333334,1.0,0
0.0,0.0,0.0,0.05324060825103916,0.02563766744509099,0.2094141440467018,0.26604767829954323,0.35879733118051005,0.032702804394900795,0.11158108009103074,12.773333333333333,2.0,0
0.0,0.0,0.0,0.05958356666741002,0.03197212094546925,0.2105880702797903,0.31615371249712293,0.36688595759565984,0.039227985553788265,0.13078367316666728,15.253333333333334,3.0,0
0.0,0.0,0.40000000000000013,0.06580096553846625,0.010566901821350753,0.19376709987635773,0.22509695626022785,0.37932137103022784,0.034886246919199206,0.11125411427901609,9.04,0.0,0
0.0,0.0,0.40000000000000013,0.06795430219363083,0.019419371089398802,0.20191014118179892,0.25302982971261545,0.40053544052149614,0.03905208708522978,0.12642576036825906,10.366666666666667,1.0,0
0.0,0.0,0.40000000000000013,0.07335055044372689,0.0249106234970693,0.1943896250325342,0.28722733910168047,0.40141171770086975,0.03925351001232661,0.13751468395312297,11.773333333333333,2.0,0
0.0,0.0,0.40000000000000013,0.07391068485244132,0.0273458975858798,0.2120139083484766,0.3089762329441376,0.4123406259367911,0.04375463089874097,0.14501121333706213,16.066666666666666,3.0,0
0.0,0.0,0.8,0.07138651078344768,0.017490400443990868,0.2031512415279549,0.25460737489047885,0.38994491435315504,0.04956595853392159,0.13844286976136036,9.593333333333334,0.0,0
0.0,0.0,0.8,0.07691054686805567,0.016877194860265503,0.20225259624546377,0.27313368468753274,0.3952681400266527,0.052719584031771065,0.14650732576009262,10.253333333333334,1.0,0
0.0,0.0,0.8,0.07601611691672353,0.019630319680201656,0.20826190162206515,0.2914887906577922,0.38035345028356143,0.05565100205343375,0.15129743865035847,12.046666666666667,2.0,0
0.0,0.0,0.8,0.07381974017766098,0.026728728389673734,0.2274571371275826,0.33270433144421097,0.39156196010888517,0.06353052322776728,0.164078991795102,17.093333333333334,3.0,0
1.0,0.0,-0.8,0.09803005729723198,0.046766140999995626,0.22541449040586747,0.3293412092504982,0.5183709940024236,0.07374559012963068,0.2185417884268589,9.306666666666667,0.0,0
1.0,0.0,-0.8,0.09665039962953928,0.03797254050912914,0.21479894542853892,0.3536282767136429,0.5105741707047293,0.07900460764869256,0.21362754778736173,11.2,1.0,0
1.0,0.0,-0.8,0.10633866503095356,0.03818876049743121,0.2398669269953802,0.3744365097868318,0.5546694750745511,0.0795062787218244,0.22403370425020858,15.006666666666666,2.0,0
1.0,0.0,-0.8,0.12049216408172188,0.05250812524410188,0.24917891057176328,0.41685205889112625,0.5550608685509539,0.08746985447273586,0.2604701437985601,17.413333333333334,3.0,0
1.0,0.0,-0.4,0.08667852234339435,0.021366395375589802,0.2223000099894962,0.2909494340592975,0.4757526964959536,0.049755784860225416,0.15780070257920975,8.186666666666667,0.0,0
1.0,0.0,-0.4,0.0892969214906957,0.02705678397537032,0.21620262808683813,0.32773252804459013,0.4779003840600091,0.05441681364358161,0.17077051910964824,9.926666666666666,1.0,0
1.0,0.0,-0.4,0.09262008119763407,0.029956449535886307,0.23929986619613053,0.34462597220123625,0.4771074067676065,0.05429447092905849,0.1768710016625784,13.34,2.0,0
1.0,0.0,-0.4,0.09922138222386852,0.03564351339664923,0.22494158464116215,0.37719733539580896,0.5281402889490495,0.06470515729208372,0.19957005291260096,15.7,3.0,0
1.0,0.0,0.0,0.08263267956992303,0.018272375148444354,0.22102547006865075,0.27027014638945174,0.4636153656779979,0.03911446463389738,0.14001951935226514,8.273333333333333,0.0,0
1.0,0.0,0.0,0.10161305927858495,0.02413075808122402,0.22934720323841046,0.3029025000185488,0.4875145990034694,0.046370132870969416,0.17211395023077805,11.126666666666667,1.0,0
1.0,0.0,0.0,0.10485609775564979,0.03228226788712602,0.23278133444877955,0.3495548096334905,0.49459547661077524,0.045856738403284095,0.18299510404605998,11.633333333333333,2.0,0
1.0,0.0,0.0,0.09112203152341955,0.0325911369502094,0.23398060906269477,0.33267295087042226,0.4870716804682426,0.059826009851975226,0.18353917832560412,14.626666666666667,3.0,0
1.0,0.0,0.40000000000000013,0.08506944522084965,0.017321191988650196,0.2160511516492137,0.2876120819637233,0.4702495046327799,0.046861428072594594,0.14925206528209395,8.44,0.0,0
1.0,0.0,0.40000000000000013,0.08800938303695212,0.030637006921568406,0.22362396206573337,0.33584919553347037,0.48545951058733106,0.051926717612198275,0.17057310757071875,10.413333333333334,1.0,0
1.0,0.0,0.40000000000000013,0.11064229201045389,0.03447380015944545,0.25443417004821184,0.36210237895337644,0.530336691242706,0.06335861529434877,0.20847470746424848,14.286666666666667,2.0,0
1.0,0.0,0.40000000000000013,0.11038955339841522,0.03679262291515727,0.21616678068199063,0.3902214859917083,0.6210788551476734,0.07795070351999789,0.22513287983357064,16.286666666666665,3.0,0
1.0,0.0,0.8,0.09310953995568348,0.042417758173376285,0.2162459581095299,0.31129782686369567,0.5040288425400415,0.05983067378517895,0.1953579719142386,10.36,0.0,0
1.0,0.0,0.8,0.09118140265719746,0.03163609590898422,0.2175384810854509,0.36348611635506045,0.5043964079110469,0.06576565187887988,0.1885831504450617,10.153333333333334,1.0,0
1.0,0.0,0.8,0.09728982510327269,0.046267593420400766,0.22694648554068525,0.3592942480440251,0.5456926928385201,0.07357949572570395,0.2171369142493775,13.906666666666666,2.0,0
1.0,0.0,0.8,0.11527862423936004,0.04970448255302749,0.2260817585252307,0.429171267784536,0.5891184822302779,0.09190216612408589,0.25688527291647323,18.906666666666666,3.0,0
0.75,0.0,-0.8,0.08591310673526449,0.03888869381805422,0.21760732544449782,0.3039324437002241,0.4656965151594412,0.05787852514912403,0.18268032570244291,8.72,0.0,0
0.75,0.0,-0.8,0.0895673638924527,0.02856224425776746,0.21857710374124134,0.3204930276279816,0.48431516870022695,0.061497454612243804,0.17962706276246396,9.686666666666667,1.0,0
0.75,0.0,-0.8,0.08974861905390448,0.028940555077969526,0.22335837330741828,0.3361880253294147,0.47627077502375703,0.07004751688278583,0.1887366910146598,14.266666666666667,2.0,0
0.75,0.0,-0.8,0.09245390630743679,0.03897731303879228,0.23801154470820904,0.3590561544778946,0.4844688344585464,0.07971019402015787,0.21114141336638634,17.426666666666666,3.0,0
0.75,0.0,-0.4,0.07286057124038105,0.020780607615735205,0.21103985484094565,0.2751330772864614,0.42164000742193414,0.04735788372041601,0.1409990625765325,7.666666666666667,0.0,0
0.75,0.0,-0.4,0.08955274075600102,0.019779928573334757,0.20134494691457983,0.29276263462353747,0.4366336238213586,0.05081724589143621,0.16014991522077243,9.526666666666667,1.0,0
0.75,0.0,-0.4,0.07066361748946516,0.019596446180664272,0.20765933608616452,0.288207755170395,0.4293032368082787,0.05288626936588916,0.14314633303601904,9.353333333333333,2.0,0
0.75,0.0,-0.4,0.08122739122540286,0.03276132396894278,0.22852359975672298,0.35640661290246833,0.4437683077948105,0.06138238946003846,0.1753711046543842,15.166666666666666,3.0,0
0.75,0.0,0.0,0.0760497179871393,0.013062882201473973,0.22749713443049605,0.2606635530421022,0.42057833153421254,0.03478207204813652,0.12389467223674928,8.16,0.0,0
0.75,0.0,0.0,0.09149180321823357,0.025592928999114955,0.2161868381318748,0.3201274128114954,0.41912079020381504,0.04234030245637246,0.159425034673721,9.94,1.0,0
0.75,0.0,0.0,0.10241717697351449,0.027461792532953205,0.23011146559679502,0.34705971680911485,0.4417135806048559,0.04341671811075047,0.1732956876172182,12.76,2.0,0
0.75,0.0,0.0,0.09215748844500869,0.032268865754213935,0.24655087785545007,0.3663763333399049,0.4761928104743802,0.05536325405866339,0.1797896082578856,17.406666666666666,3.0,0
0.75,0.0,0.40000000000000013,0.07188241051944053,0.014450648712081845,0.20650398410602466,0.2649411685389489,0.4229813176314471,0.04353514766169851,0.12986820689322057,7.72,0.0,0
0.75,0.0,0.40000000000000013,0.07418986665183522,0.027837562352447186,0.22938849413354956,0.29086110721760233,0.45272881615366367,0.04999976173556231,0.15202719073984466,9.3,1.0,0
0.75,0.0,0.40000000000000013,0.08177348591350245,0.022180455345712613,0.22812419302001577,0.32334248115787634,0.46025638775969985,0.055649605330983384,0.15960354659019865,12.286666666666667,2.0,0
0.75,0.0,0.40000000000000013,0.07623051996079788,0.02997692221234228,0.24402458237380148,0.3323424297310358,0.46475137899556024,0.05586541062501217,0.16207285279815248,16.286666666666665,3.0,0
0.75,0.0,0.8,0.07523563841735396,0.04029276399558089,0.2138362055709727,0.2871795547689044,0.4544335840950288,0.052564757892846196,0.16809316030578075,9.446666666666667,0.0,0
0.75,0.0,0.8,0.08056771329840957,0.035140602499425785,0.21583549505964078,0.35086045094227386,0.5032480473843358,0.061146067367596826,0.17685438316543178,11.153333333333334,1.0,0
0.75,0.0,0.8,0.09210048657393835,0.030003369785183604,0.21644336233323005,0.3430966053705947,0.4933797870865865,0.0628199560586157,0.18492381241773842,13.013333333333334,2.0,0
0.75,0.0,0.8,0.0847855449634041,0.03680997271594394,0.23831571364849086,0.3734803950763144,0.5198507604785259,0.07656826983498316,0.19816378751433117,17.506666666666668,3.0,0
0.5,0.0,-0.8,0.07806804415194477,0.028905006087937037,0.22106998632365382,0.2707832497524799,0.41090638651084826,0.05222193129362865,0.15919498153351044,8.213333333333333,0.0,0
0.5,0.0,-0.8,0.07675501567252706,0.023987372285057585,0.21856453550267674,0.2788157203276034,0.4657450669204965,0.05781225902667926,0.15855464698426391,9.593333333333334,1.0,0
0.5,0.0,-0.8,0.08743663649608503,0.026317596034611358,0.23329943841524486,0.3172793154458362,0.45036798334016864,0.06727634147300209,0.18103057400369837,13.16,2.0,0
0.5,0.0,-0.8,0.09099704970879045,0.03558783123922644,0.24383902260035759,0.36034448057846646,0.45460546033054006,0.07598806663910894,0.20257294758712596,14.986666666666666,3.0,0
0.5,0.0,-0.4,0.06773060268979852,0.014934694373950633,0.21632086070016768,0.24821277257268537,0.38209405989868894,0.04524338639625676,0.12790868346000583,8.093333333333334,0.0,0
0.5,0.0,-0.4,0.0726644134062904,0.02174642767949978,0.20159341316894056,0.27176579575017806,0.39650235479222656,0.04749525567261171,0.1419060967584024,9.733333333333333,1.0,0
0.5,0.0,-0.4,0.08461147525820169,0.01978383072227447,0.2386360237499299,0.29097146035467475,0.37026334744603334,0.05144424640457751,0.15583955238505345,10.666666666666666,2.0,0
0.5,0.0,-0.4,0.07930003356274312,0.027025765906580176,0.22251524947435264,0.3331045091499514,0.38168053602014995,0.0595767326558942,0.16590253212521813,14.52,3.0,0
0.5,0.0,0.0,0.07370396073360001,0.011186009473001345,0.22893478509159496,0.23393591616440026,0.3970647857030774,0.030745983292409972,0.11563595349901162,8.406666666666666,0.0,0
0.5,0.0,0.0,0.0863772796490933,0.021039758035340465,0.22891555913916817,0.31397884654360936,0.4316926110612919,0.03924067092953899,0.1466577086139723,11.88,1.0,0
0.5,0.0,0.0,0.08353908265008038,0.026248983810222358,0.2419152811644282,0.3326575143005862,0.39835665899073136,0.05172912658824541,0.16151719304854853,14.193333333333333,2.0,0
0.5,0.0,0.0,0.0809893940612028,0.033414604980024104,0.24987159531455844,0.33371780528302714,0.3815858480343554,0.04936472974829414,0.1637687287895211,14.92,3.0,0
0.5,0.0,0.40000000000000013,0.06492623764244615,0.020108924115705865,0.20918663862724404,0.2458600417401894,0.3874303237028945,0.04053313340987015,0.12556829516802234,8.4,0.0,0
0.5,0.0,0.40000000000000013,0.07547012466442517,0.02785758353187103,0.19234403380057966,0.31197854920925855,0.4252902402215776,0.04651988404774651,0.14984759224404248,12.046666666666667,1.0,0
0.5,0.0,0.40000000000000013,0.07985812875333166,0.029597368515501838,0.23124428898647678,0.3405265487143428,0.46545007751381473,0.05566211365711853,0.1651176109259519,13.88,2.0,0
0.5,0.0,0.40000000000000013,0.08506541282441632,0.029713996868448368,0.22044799010882804,0.3122458557498386,0.41477838134798883,0.05486339300707835,0.1696428026999427,14.62,3.0,0
0.5,0.0,0.8,0.06759459561333882,0.024746484515802386,0.2084952503524408,0.25724361758197273,0.40566109043794185,0.04798899395982099,0.14033007408896178,9.806666666666667,0.0,0
0.5,0.0,0.8,0.07440872174196615,0.04058911843289371,0.2211966328505142,0.2869234280683046,0.41506590168163343,0.058714989357586865,0.17371282953244685,12.74,1.0,0
0.5,0.0,0.8,0.07094677051352233,0.029041971052451505,0.21657537580099617,0.3187937368417851,0.4172468400455781,0.05522013894748557,0.15520888051345952,12.806666666666667,2.0,0
0.5,0.0,0.8,0.08290351578171751,0.04365109112552272,0.22539492394534852,0.32319962907722566,0.4535053835849341,0.059085621818614896,0.1856402287258552,16.94,3.0,0
0.25,0.0,-0.8,0.074638845192751,0.01796960755057575,0.22103212152772958,0.25042854349638566,0.37459361399662006,0.048545129414647364,0.14115358215797363,8.833333333333334,0.0,0
0.25,0.0,-0.8,0.06008179532804698,0.040875210926286605,0.21745253834406048,0.30960521263046153,0.38928902720396114,0.05356194261390796,0.15451894886824147,11.453333333333333,1.0,0
0.25,0.0,-0.8,0.08163285002445092,0.036607932191894725,0.24246315743324662,0.35577766427044416,0.42887764044077026,0.06050671163504883,0.17874749385139477,12.84,2.0,0
0.25,0.0,-0.8,0.07773170929791107,0.048404857861516166,0.23345311350311104,0.3842334616581836,0.4659590209848089,0.07621391136576847,0.2023504785251956,17.106666666666666,3.0,0
0.25,0.0,-0.4,0.06485950405536059,0.014103510159249716,0.2112772727439708,0.24433985375300737,0.35493230117977703,0.04516988440168598,0.12413289861629634,10.74,0.0,0
0.25,0.0,-0.4,0.0644738120684455,0.021784090149064454,0.21575153982613138,0.2757126028953194,0.37691075687700276,0.055992587103094016,0.14225048932060405,9.953333333333333,1.0,0
0.25,0.0,-0.4,0.07478796151759562,0.027955059534821008,0.2247414578458869,0.2995886521284528,0.38254736646292886,0.05359559317557137,0.15633861422798798,11.82,2.0,0
0.25,0.0,-0.4,0.08517828146104896,0.03580048312102618,0.21468645532527672,0.34372051935934844,0.4495009663058122,0.06562094532908375,0.1865997099111585,18.946666666666665,3.0,0
0.25,0.0,0.0,0.06407437714939472,0.008792644494586875,0.2141221841697093,0.2277013754528487,0.35554630646447805,0.028254669056464145,0.1011216907004458,9.246666666666666,0.0,0
0.25,0.0,0.0,0.09082160725415947,0.023592412257677282,0.2126044681040208,0.30150851967192605,0.37133466627763245,0.0398903703643731,0.15430438987621012,12.466666666666667,1.0,0
0.25,0.0,0.0,0.07809820580842299,0.02552583347894256,0.23358076561579513,0.3249399046994879,0.367603156080855,0.04487026862136925,0.14849430790873508,11.446666666666667,2.0,0
0.25,0.0,0.0,0.07826139351192356,0.03258062161384829,0.20188034333852858,0.3564897949554532,0.38154707505260077,0.05197405478381487,0.16281606990958614,17.333333333333332,3.0,0
0.25,0.0,0.40000000000000013,0.059843202698789795,0.013076761262577065,0.2020007398043156,0.2224274369947688,0.3622577788334482,0.03284056693392955,0.10576053089529643,8.02,0.0,0
0.25,0.0,0.40000000000000013,0.05967228550128968,0.02305995238425996,0.20693399347524857,0.26521018301135985,0.38704292289854353,0.041316285315574734,0.12404852320112415,9.52,1.0,0
0.25,0.0,0.40000000000000013,0.09568853568971188,0.02258877035557506,0.20817070324543907,0.33814976222886267,0.423756158148715,0.049461349184771165,0.16773865523005824,13.733333333333333,2.0,0
0.25,0.0,0.40000000000000013,0.0704535302791152,0.02471321403915448,0.22283889447541744,0.296176607916795,0.3840742545584765,0.04974385381746472,0.14491059813573437,14.44,3.0,0
0.25,0.0,0.8,0.06371558918069083,0.019833462216012197,0.1946168278719434,0.23384304437087106,0.36982708864513075,0.046584566497087164,0.13013361789378966,11.386666666666667,0.0,0
0.25,0.0,0.8,0.07145565880697871,0.02494219045268849,0.20650697948632094,0.26988934490489797,0.3771673946660221,0.04941119259450727,0.14580904185417443,12.42,1.0,0
0.25,0.0,0.8,0.10788924646965516,0.04323237861389943,0.206849988942876,0.3410029828677529,0.4375807986846909,0.06672866790670502,0.21785029299025974,17.24,2.0,0
0.25,0.0,0.8,0.06866541840679799,0.03790747158870004,0.21730928342800862,0.30993936564071667,0.40359160571854197,0.06457376283257713,0.17114665282807462,18.153333333333332,3.0,0
0.0,0.0,-0.8,0.07530341709330232,0.012007713871389694,0.2215786225644933,0.2520088331698436,0.40370876639401254,0.058486925010649705,0.1457980559753418,8.853333333333333,0.0,0
0.0,0.0,-0.8,0.0623345528816493,0.01929111014311661,0.21420032862441407,0.267369398860221,0.3836645211351378,0.05989462459499574,0.1415202876197615,10.313333333333333,1.0,0
0.0,0.0,-0.8,0.06308790872039201,0.0192696067346255,0.21375779622599117,0.26432562136566484,0.37662860176923707,0.06619976988745517,0.14855728534247276,10.926666666666666,2.0,0
0.0,0.0,-0.8,0.07728470792985911,0.026157524470246184,0.21761336557932218,0.2977573333880089,0.40195062677812304,0.07493457924501169,0.17837681164511693,15.066666666666666,3.0,0
0.0,0.0,-0.4,0.061981639565256486,0.010178746570875209,0.2092848490037599,0.24153022053292122,0.3570962624269042,0.05271116786576857,0.12487155400190011,8.166666666666666,0.0,0
0.0,0.0,-0.4,0.05782064378565085,0.018892475239404585,0.19639608936393257,0.2661939684800454,0.3471914263680119,0.05101991028110159,0.12773302930615701,10.56,1.0,0
0.0,0.0,-0.4,0.05815800130554054,0.01800980551236082,0.20263687873123018,0.27731835058302573,0.3542681764434224,0.04847911940440692,0.12464692622230872,11.38,2.0,0
0.0,0.0,-0.4,0.052301445969870415,0.029845190597081274,0.20957079633275122,0.3346586911793071,0.3644248087964853,0.06344392018569753,0.14559055675264906,16.38,3.0,0
0.0,0.0,0.0,0.06980453812072804,0.007533035941276133,0.1997220816658154,0.23855808435549433,0.3388468362105883,0.027857293459797983,0.10519486752180225,10.706666666666667,0.0,0
0.0,0.0,0.0,0.052719813723100965,0.02684235713679035,0.20602891990507627,0.2650081434288923,0.36117106536361254,0.033423849227570364,0.11298602008746116,11.513333333333334,1.0,0
0.0,0.0,0.0,0.05182401976286996,0.025667782279848894,0.20989747495248776,0.2576935570582966,0.3645825712101108,0.0324910787807464,0.10998288082346526,12.16,2.0,0
0.0,0.0,0.0,0.057399296082927126,0.038463965049893134,0.21131117636229088,0.30595383669285575,0.36779192990820436,0.042277940789720234,0.13814120192254054,15.213333333333333,3.0,0
0.0,0.0,0.40000000000000013,0.06525591056379348,0.008792021597997194,0.19575399749798372,0.23023266745132465,0.37850591952827756,0.03437472854102855,0.10842266070281921,9.3,0.0,0
0.0,0.0,0.40000000000000013,0.06553162738325247,0.019404004607170077,0.19607596114444914,0.24957085028376266,0.40603814670463556,0.03936110591996698,0.12429673791038957,10.553333333333333,1.0,0
0.0,0.0,0.40000000000000013,0.07503583496380704,0.022134813056794652,0.20153260777806525,0.2877074842940253,0.4118458707792805,0.0385596053058146,0.13573025332641606,10.4,2.0,0
0.0,0.0,0.40000000000000013,0.07312095220572745,0.025131141573212668,0.21879423950901758,0.29838213421670146,0.43889603455499754,0.04438863636959474,0.14264073014853504,15.813333333333333,3.0,0
0.0,0.0,0.8,0.07229983506290849,0.011752265299866253,0.2024815667431462,0.256434312315619,0.38678605112292036,0.047890332330697956,0.13194243269347247,9.24,0.0,0
0.0,0.0,0.8,0.0762496041098849,0.0157973446596764,0.2003994552528185,0.27834578696882717,0.39159855441899133,0.05136839577355138,0.14341534454311272,10.913333333333334,1.0,0
0.0,0.0,0.8,0.0741656300819457,0.018751714404698028,0.21199729151366636,0.2886915924756008,0.3800488326913873,0.05438120670642613,0.14729855119306953,11.333333333333334,2.0,0
0.0,0.0,0.8,0.07503787603009403,0.02769181618721232,0.235199490057996,0.3331599874508508,0.38365788882451046,0.06666104118225152,0.16939073339955774,16.64,3.0,0
